id,VehicleModel,VehicleBody
1,Trailer,Trailer
2,Truck,Trailer Head
3,Truck,Truck
4,Truck,Truck Head
5,Nsx,Convertible
6,Nsx,Coupe
7,Tractor,Tractor
8,Tractor,Truck
9,Sewage Tanker,Sewarage Tanker
10,Tanker Trailer,Recovery Trailer
11,E850,Roller
12,145,Saloon
13,156,Sedan
14,156,Station
15,159,Sedan
16,4c,Coupe
17,8c,Coupe
18,Brera,Coupe
19,Giulietta,Hatchback
20,Giulietta,Saloon
21,Gt,Coupe
22,Mito,Hatchback
23,Spider,Coupe
24,Unknown,Sedan
25,Unknown,SUV
26,Arx 23,Roller
27,Asc 100,Drum Roller
28,Well Excavator,Well Excavator
29,Motor Cycle,Mobike
30,Atom,Coupe
31,Avia D756 P/Up,Pick-Up
32,Eagle,Mini Bus
33,Falcon,Bus
34,Oyster,Bus
35,Pick-Up,Pick-Up
36,Truck,Refrigerator Truck
37,Viking Bus,Bus
38,Wb 222,Bus
39,Db7,Convertible
40,Db7,Coupe
41,Db9,Convertible
42,Db9,Coupe
43,Dbs,Convertible
44,Dbs,Coupe
45,Dbs Superleggera,Coupe
46,Lagonda,Sedan
47,One 77,Coupe
48,Rapide,Coupe
49,Rapide,Sedan
50,Rapide S,Sedan
51,Unknown,Coupe
52,V12 Vantage,Coupe
53,Vanguish,Coupe
54,Vanquish,Convertible
55,Vanquish,Coupe
56,Vantage,Convertible
57,Vantage,Coupe
58,Vantage,Saloon
59,Vantage Roadster,Coupe
60,Copco,Drilling Rig
61,Excavator,Drum Roller
62,Excavator,Excavator
63,Flat Bed Semi Trailer,Flat Bed
64,Flat Bed Semi Trailer,Trailer
65,Tanker Trailer,Trailer
66,Tipper Trailer,Trailer
67,Vehicle Trailer,Others
68,Vehicle Trailer,Trailer
69,Vehicle Trailer,Trailer Lowbed
70,100,Saloon
71,A1,Coupe
72,A1,Hatchback
73,A1,Saloon
74,A3,Cabriolet
75,A3,Hatchback
76,A3,Sedan
77,A4,Convertible
78,A4,Saloon
79,A4,Sedan
80,A5,Cabriolet
81,A5,Convertible
82,A5,Coupe
83,A5,Hatchback
84,A5,Saloon
85,A5,Sedan
86,A5 Sportback,Unknown
87,A6,Estate
88,A6,Saloon
89,A6,Sedan
90,A6,Unknown
91,A7,Hatchback
92,A7,Saloon
93,A7,Sedan
94,A8,Coupe
95,A8,Saloon
96,A8,Sedan
97,A8,Unknown
98,A8l,Saloon
99,A8l,Sedan
100,Q3,Station
101,Q3,SUV
102,Q5,SUV
103,Q7,SUV
104,Q7,Unknown
105,R8,Convertible
106,R8,Coupe
107,R8 Spyder,Convertible
108,Rs 6,Sedan
109,Rs3,Hatchback
110,Rs3,Saloon
111,Rs3,Sedan
112,Rs4,Estate
113,Rs4,Saloon
114,Rs4,Sedan
115,Rs5,Coupe
116,Rs6,Estate
117,Rs6,Saloon
118,Rs7,Coupe
119,Rs7,Hatchback
120,Rs7,Sedan
121,Rsq3,SUV
122,S3,Hatchback
123,S3,Sedan
124,S4,Sedan
125,S5,Cabriolet
126,S5,Coupe
127,S5,Hatchback
128,S6,Saloon
129,S6,Sedan
130,S7,Saloon
131,S7,Sedan
132,S8,Saloon
133,S8,Sedan
134,S8,Unknown
135,Sq5,SUV
136,Tt,Convertible
137,Tt,Coupe
138,Tt,Unknown
139,Tt Roadster,Coupe
140,Tts Roadster,Coupe
141,Dumber,Dumper
142,Dumber,Fork Lift
143,Dumber,Truck
144,Forklift,Forklift
145,Mono,Race Car
146,A115,Sedan
147,135cc,Mobike
148,200cc,Mobike
149,220 Cc,Mobike
150,Avenger,Mobike
151,Cc 125,Mobike
152,Cc 150,Mobike
153,Cc 180,Mobike
154,Pulsar,Mobike
155,Pulsar,Pick-Up
156,Drilling Rig,Drilling Rig
157,Driller,Drilling Rig
158,Pick Up,Pick-Up
159,Pick Up,Unknown
160,Service Truck,Excavator
161,Truck,Drilling Rig
162,Water Tanker,Water Tanker
163,1936 S,Trailer
164,B40d,Dumper
165,Arnage,Sedan
166,Arnage R,Coupe
167,Azure,Convertible
168,Azure,Coupe
169,Azure,Saloon
170,Bentayga,Station Wagon
171,Bentayga,SUV
172,Brooklands,Coupe
173,Brooklands,Saloon
174,Brooklands,Unknown
175,Continental,Convertible
176,Continental,Coupe
177,Continental,Saloon
178,Continental,Sedan
179,Continental Flying Spur,Saloon
180,Continental Flying Spur,Sedan
181,Continental Gt,Coupe
182,Continental Gt,Saloon
183,Continental Gt Speed,Coupe
184,Continental Gtc,Coupe
185,Continental Supersports,Saloon
186,Flying Spur,Coupe
187,Flying Spur,Saloon
188,Flying Spur,Sedan
189,Flying Spur Speed,Coupe
190,Mulsanne,Saloon
191,Mulsanne,Sedan
192,Turbo R,Sedan
193,Chopper,Mobike
194,Dental Mobile,Dental Mobile
195,116,Hatchback
196,116,Saloon
197,116,Sedan
198,318,Coupe
199,318,Saloon
200,318,Sedan
201,320,Coupe
202,320,Saloon
203,320,Sedan
204,320,Unknown
205,325,Saloon
206,325,Sedan
207,325,Unknown
208,328,Coupe
209,328,Saloon
210,520,Saloon
211,520,Sedan
212,523,Saloon
213,523,Sedan
214,525,Saloon
215,525,Sedan
216,528,Saloon
217,528,Sedan
218,530,Saloon
219,535,Saloon
220,535,Sedan
221,540,Sedan
222,545,Sedan
223,728,Sedan
224,728,Unknown
225,730,Saloon
226,730,Sedan
227,735,Saloon
228,735,Sedan
229,745,Sedan
230,750,Saloon
231,750,Sedan
232,850,Sedan
233,116i,Hatchback
234,116i,Saloon
235,118i,Hatchback
236,118i,Saloon
237,118i,Sedan
238,120 I,Coupe
239,120i,Convertible
240,120i,Hatchback
241,120i,Sedan
242,125 Ci,Coupe
243,125i,Convertible
244,125i,Coupe
245,125i,Hatchback
246,128i,Coupe
247,130 I,Sedan
248,130i,Convertible
249,135 I,Coupe
250,135i,Convertible
251,135i,Hatchback
252,1m,Coupe
253,218i Active Tourer,SUV
254,220i,Coupe
255,225i,SUV
256,228i,Coupe
257,230i,Convertible
258,230i,Coupe
259,235i,Coupe
260,316 I,Saloon
261,316 I,Sedan
262,316 I,Unknown
263,316i,Hatchback
264,318 Ci,Coupe
265,318 Ia,Saloon
266,318 Ia,Sedan
267,318ci,Convertible
268,318i,Coupe
269,318i,Sedan
270,320 I,Sedan
271,320 Ia,Saloon
272,320 Ia,Sedan
273,320ci,Convertible
274,320ci,Coupe
275,320i,Saloon
276,320i,Sedan
277,320i,Unknown
278,323i,Saloon
279,323i,Sedan
280,325ci,Convertible
281,325ci,Coupe
282,325i,Convertible
283,325i,Coupe
284,325i,Saloon
285,325i,Sedan
286,328ci,Coupe
287,328i,Saloon
288,328i,Sedan
289,328li,Saloon
290,328li,Sedan
291,330ci,Convertible
292,330ci,Coupe
293,330ci,Saloon
294,330i,Convertible
295,330i,Coupe
296,330i,Saloon
297,330i,Sedan
298,330li,Saloon
299,330li,Sedan
300,335 X I,Sedan
301,335ci,Convertible
302,335ci,Coupe
303,335ci,Saloon
304,335i,Coupe
305,335i,Saloon
306,335i,Sedan
307,340i,Sedan
308,420i,Cabriolet
309,420i,Convertible
310,420i,Coupe
311,420i,Saloon
312,420i,Sedan
313,420i Gran Coupe,Convertible
314,420i Gran Coupe,Saloon
315,428i,Cabriolet
316,428i,Convertible
317,428i,Coupe
318,428i,Saloon
319,428i Gran Coupe,Coupe
320,428i Gran Coupe,Saloon
321,428i Gran Coupe,Sedan
322,430i,Cabriolet
323,430i,Convertible
324,430i,Coupe
325,430i,Sedan
326,430i Gran Coupe,Coupe
327,430i Gran Coupe,Saloon
328,430i Gran Coupe,Sedan
329,435 I,Coupe
330,435i,Convertible
331,435i,Coupe
332,435i Gran Coupe,Coupe
333,435i Gran Coupe,Hatchback
334,435i Gran Coupe,Saloon
335,435i Gran Coupe,Unknown
336,440i,Convertible
337,440i,Coupe
338,440i,Saloon
339,440i Gran Coupe,Convertible
340,440i Gran Coupe,Coupe
341,440i Gran Coupe,Saloon
342,440i Gran Coupe,Unknown
343,5 Series Gt,Hatchback
344,520 Ia,Saloon
345,520i,Coupe
346,520i,Saloon
347,520i,Sedan
348,523i,Saloon
349,523i,Sedan
350,523ia,Saloon
351,523ia,Sedan
352,523ia,Unknown
353,525 I,Sedan
354,525 I,Unknown
355,525 Ia,Sedan
356,525i,Saloon
357,525i,Unknown
358,528i,Saloon
359,528i,Sedan
360,530 I,Saloon
361,530 I,Sedan
362,530i,Saloon
363,530i,Sedan
364,530i Limousine,Saloon
365,530i Limousine,Sedan
366,530li,Sedan
367,535i,Saloon
368,535i Gt,Saloon
369,535i Gt,Sedan
370,540i,Sedan
371,540i,Unknown
372,550i,Saloon
373,550i,Sedan
374,550ia,Saloon
375,630ci,Convertible
376,630ci,Coupe
377,630i,Convertible
378,630i,Coupe
379,630i,Saloon
380,630i,Sedan
381,635 Csi,Unknown
382,635i,Coupe
383,640 I Grand Coupe,Unknown
384,640i,Convertible
385,640i,Coupe
386,640i,Saloon
387,640i,Sedan
388,640i Gran Coupe,Coupe
389,645ci,Convertible
390,645ci,Coupe
391,645ci,Saloon
392,645i,Coupe
393,650ci,Convertible
394,650i,Convertible
395,650i,Coupe
396,650i,Saloon
397,650i,Sedan
398,650i Cabrio,Coupe
399,650i Gran Coupe,Sedan
400,728il,Unknown
401,728li,Saloon
402,728li,Sedan
403,730 Li,Unknown
404,730i,Saloon
405,730i,Sedan
406,730i,Unknown
407,730li,Saloon
408,730li,Sedan
409,733i,Sedan
410,735i,Sedan
411,735li,Saloon
412,735li,Sedan
413,740 Il,Unknown
414,740i,Saloon
415,740i,Sedan
416,740li,Saloon
417,740li,Sedan
418,740li,Van
419,745i,Saloon
420,745i,Sedan
421,745li,Sedan
422,750 Ial,Saloon
423,750i,Saloon
424,750i,Sedan
425,750li,Bus
426,750li,Saloon
427,750li,Sedan
428,760li,Saloon
429,760li,Sedan
430,Alpina,Coupe
431,Alpina,Saloon
432,Alpina,Sedan
433,Alpina B10,Sedan
434,Alpina B6,Coupe
435,B3,Coupe
436,Bmw  C I320,Coupe
437,F 800 Gs,Mobike
438,Gran Coupe 640i,Coupe
439,Gran Coupe 640i,Saloon
440,Gran Coupe 640i,Sedan
441,Gran Coupe 650i,Sedan
442,I8,Coupe
443,M1,Coupe
444,M2,Coupe
445,M235i,Cabriolet
446,M235i,Convertible
447,M235i,Coupe
448,M240i,Coupe
449,M3,Convertible
450,M3,Coupe
451,M3,Sedan
452,M4,Cabriolet
453,M4,Convertible
454,M4,Coupe
455,M5,Saloon
456,M5,Sedan
457,M5touring,Sedan
458,M6,Convertible
459,M6,Coupe
460,M6,Saloon
461,M6,Sedan
462,M6 Gran Coupe,Convertible
463,M6 Gran Coupe,Sedan
464,M850i,Coupe
465,R 1250,Mobike
466,R Nine T,Mobike
467,S 1000 R,Mobike
468,S 1000 Rr,Mobike
469,X 5,Unknown
470,X1,Station
471,X1,SUV
472,X3,SUV
473,X4,SUV
474,X5,SUV
475,X6,SUV
476,X6,SUV Coupe
477,X6 50,Unknown
478,X7,SUV
479,Z3,Convertible
480,Z3,Coupe
481,Z3,Sedan
482,Z3 Roadster,Coupe
483,Z4,Cabriolet
484,Z4,Coupe
485,Z4,Saloon
486,Z4,Sedan
487,Z4m,Convertible
488,Z4m,Coupe
489,Z8,Convertible
490,Z8,Saloon
491,Loader,Loader
492,Loader,Shovel
493,Loader 751,Shovel
494,S130,Loader
495,S150 Loader,Loader
496,S150 Loader,Shovel
497,S150 Loader,Wheel Loader
498,S450,Loader
499,S510,Roller
500,Shovel,Excavator
501,Shovel,Fork Lift
502,Shovel,Shovel
503,Skidsteer,Loader
504,Tl400 Forklift,Fork Lift
505,Wheel Loader,Wheel Loader
506,Roller,Roller
507,Roller Bw20r,Roller
508,Jxk611,Bus
509,Bx5,SUV
510,Frv Cross,SUV
511,Fsv,Sedan
512,H530,Sedan
513,V5,SUV
514,Bugatti,Coupe
515,Chiron,Convertible
516,Le-Sabre,"Saloon, S/W"
517,Road Master,Saloon
518,Ats,Coupe
519,Ats,Saloon
520,Ats,Sedan
521,Ats-V,Coupe
522,Ats-V,Sedan
523,Bls,Saloon
524,Bls,Sedan
525,Brougham,Sedan
526,Classic Tiffany,Coupe
527,Ct6,Sedan
528,Cts,Coupe
529,Cts,Saloon
530,Cts,Sedan
531,Cts,Unknown
532,Cts Coupe,Coupe
533,Cts-V,Coupe
534,Cts-V,Saloon
535,Cts-V,Sedan
536,Deville,Convertible
537,Deville,Coupe
538,Deville,Sedan
539,Deville,Unknown
540,Dts,Saloon
541,Dts,Sedan
542,Eldeora,Coupe
543,Eldorado,Saloon
544,Eldorado,Sedan
545,Escalade,SUV
546,Escalade Esv,SUV
547,Escalade Ext,Truck
548,Fleetwood,Sedan
549,Sls,Sedan
550,Srx,Station
551,Srx,SUV
552,Sts,Sedan
553,Sts-V,Saloon
554,Sts-V,Sedan
555,Xt4,SUV
556,Xt5,SUV
557,Xts,Sedan
558,570t,Excavator And Shovel
559,Backhoe Loader,Loader
560,Case,Loader
561,Case,Shovel
562,Loader,Excavator
563,Skid Loader,Loader
564,Skid Loader,Shovel
565,Bachoe Loader,Wheel Loader
566,Bulldozer,Bulldozer
567,Forklift,Fork Lift
568,Grader,Grader
569,Scraper,Scraper
570,Skidsteer,Asphalt
571,Super,Crusher
572,Super,Sedan
573,216,Shovel
574,980,Loader
575,980,Shovel
576,140 G,Grader
577,140 G,Shovel
578,14h Grader,Grader
579,216 B,Shovel Wheel Loader
580,216 B,Skid Steer Loader
581,216 B3,Bus
582,226 B,Loader
583,226 B,Shovel
584,226 B,Skid Steer Loader
585,320bl,Excavator
586,330 Cl,Excavator
587,330d,Excavator
588,424z,Shovel Execavator
589,930 H,Shovel
590,950 G,Shovel
591,950 Shovel,Shovel
592,950 Shovel,Shovel Wheel Loader
593,950b,Shovel
594,950b,Wheel Loader
595,950h,Shovel
596,950h,Shovel Wheel Loader
597,966f/Ii,Shovel Wheel Loader
598,Baby Loader,Loader
599,Backhoe,Fork Lift
600,Backhoe,Loader
601,Bulldozer D8r,Bulldozer
602,Compactor,Compactor
603,Crane,Crane
604,D8r,Bulldozer
605,D8r,Tractor
606,D9r,Bulldozer
607,Dozer,Bulldozer
608,Dp 30 Nt,Forklift
609,Dp 50 Cnt,Forklift
610,Dumper,Dumper
611,Dumper Truck,Dump Truck
612,Dumper Truck,Dumper
613,F 938,Wheel Loader
614,F 950,Loader
615,F 950,Shovel
616,Forklift,Excavator
617,M 594 C,Side Boom
618,Roller,Excavator
619,Roller,Sedan
620,Scraper,Shovel
621,Shovel,Bulldozer
622,Shovel 966,Shovel
623,Shovel 966,Shovel Wheel Loader
624,Skid Steer,Skidsteer
625,Skid Steer Loader,Loader
626,Skid Steer Loader,Skip Loader
627,Telehandler,Telehandler
628,Th417c,Telehandler
629,Th580b,Loader
630,Th580b,Telehandler
631,Th580b,Truck
632,Tipper,Tipper Truck
633,Truck,Dump Truck
634,Truck,Fork Lift
635,Truck,Loader
636,Truck,Tanker
637,Truck,Telehandler
638,5028sc,Van
639,Cs35,SUV
640,Cs75,SUV
641,Eado,Sedan
642,E5,Sedan
643,H13,Bus
644,P5,Mini Bus
645,Qq,Saloon
646,Tiggo,SUV
647,Tiggo 5,SUV
648,1500 Express,MPV
649,1500 Express,Pick-Up
650,3500 D,Pick-Up
651,Ambulance,Ambulance
652,Ampala,Ambulance
653,Ampala,Saloon
654,Ampala,Sedan
655,Astro,MPV
656,Astro,Pick-Up
657,Astro,SUV
658,Astro,Unknown
659,Astro,Van
660,Avalanche,Pick-Up
661,Avalanche,Pick-Up Double Cab
662,Aveo,Hatchback
663,Aveo,Saloon
664,Aveo,Sedan
665,Aveo-5,Hatchback
666,Blazer,SUV
667,Bolt Ev,Hatchback
668,Camaro,Convertible
669,Camaro,Coupe
670,Caprice,Saloon
671,Caprice,Sedan
672,Caprice Ls,Saloon
673,Caprice Ls,Sedan
674,Caprice Ls,Unknown
675,Caprice Ltz,Saloon
676,Caprice Ltz,Sedan
677,Caprice Royal,Saloon
678,Caprice Royal,Sedan
679,Caprice Ss,Saloon
680,Captiva,SUV
681,Captiva,Unknown
682,Cavaliar,Saloon
683,Cavaliar,Sedan
684,Cavalier,Sedan
685,Chevy,Sedan
686,Colorado,Pick-Up
687,Colorado,Pick-Up Double Cab
688,Corvette,Convertible
689,Corvette,Coupe
690,Corvette,Saloon
691,Corvette Convertible,Coupe
692,Corvette Stingray,Coupe
693,Cruze,Hatchback
694,Cruze,Saloon
695,Cruze,Sedan
696,Cruze Lt,Saloon
697,Cruze Lt,Sedan
698,Csv,Sedan
699,Csv Cr8,Saloon
700,Csv Cr8,Sedan
701,Epica,Saloon
702,Epica,Sedan
703,Epica,Unknown
704,Equinox,SUV
705,Express,Van
706,G Van,Ambulance
707,G Van,Van
708,Impala,Saloon
709,Impala,Sedan
710,Impala Ltz,Saloon
711,Impala Ltz,Sedan
712,Lumina,Coupe
713,Lumina,Saloon
714,Lumina,Sedan
715,Lumina,Unknown
716,Lumina Coupe,Coupe
717,Lumina Csv Cr8,Saloon
718,Lumina Ls,Saloon
719,Lumina Ls,Sedan
720,Lumina Ltz,Saloon
721,Lumina S,Saloon
722,Lumina S,Sedan
723,Lumina Ss,Coupe
724,Lumina Ss,Saloon
725,Luv P/Up,Pick-Up
726,Malibu,Saloon
727,Malibu,Sedan
728,Malibu,Unknown
729,N300,Pick-Up
730,Optra,Saloon
731,Optra,Sedan
732,Optra,Unknown
733,S 10,MPV
734,S 10,Pick-Up
735,S 10,Unknown
736,Savanah,Van
737,Silvarado,Pick-Up
738,Silvardo,SUV
739,Silverado,Pick-Up 2-Door Regular Cab
740,Silverado,Pick-Up 4-Door Double Cab
741,Silverado,Unknown
742,Sonic,Hatchback
743,Sonic,Saloon
744,Sonic,Sedan
745,Spark,Hatchback
746,Spark,Saloon
747,Spark,Sedan
748,Ssr,Coupe/Cabriolet
749,Ssr,Pick-Up
750,Step,SUV
751,Suburban,SUV
752,Tahoe,SUV
753,Tahoe 4x4,SUV
754,Tahoe 4x4,Unknown
755,Trailblazer,SUV
756,Traverse,SUV
757,Traverse 2lt,SUV
758,Traverse L.S.,Station
759,Traverse L.S.,SUV
760,Traverse Ltz,Station
761,Traverse Ltz,SUV
762,Traverse Ltz,Unknown
763,Trax,Station Wagon
764,Trax,SUV
765,Trax,Unknown
766,Uplander,MPV
767,Uplander,Station
768,Uplander,Station Wagon
769,Venture,MPV
770,Venture,Van
771,Work Tk,Pick-Up
772,200,Coupe
773,200,Sedan
774,200c,Sedan
775,300 C,Sedan
776,300 Srt8,Sedan
777,300c,Saloon
778,Crossfire,Convertible
779,Crossfire,Coupe
780,Crossfire,Sedan
781,Grand Voyager,MPV
782,Neon,Saloon
783,Pt Cruiser,Hatchback
784,Pt Cruiser,Saloon
785,Pt Cruiser,Sedan
786,Sebring,Sedan
787,Sebring Le,Saloon
788,Sebring Sedan,Saloon
789,Town County,Station
790,Town County,SUV
791,Voyager,Saloon
792,Voyager,Sedan
793,Voyager,Station Wagon
794,Berlingo,Panel Van
795,Berlingo,SUV
796,Berlingo,Van
797,C 4,Saloon
798,C 4,Sedan
799,C 5 Tourer,SUV
800,C4,Hatchback
801,C4,Pick-Up
802,C4,SUV
803,C5,Sedan
804,C-Elysee,Sedan
805,Ds3,Hatchback
806,Ds5,Hatchback
807,Xantia,Saloon
808,Michigan Loader,Crane
809,Michigan Loader,Loader
810,Veryca,Freezer Truck
811,Veryca,MPV
812,Veryca,Pick-Up
813,Veryca,Refrigerator Pick-Up
814,Veryca,Refrigerator Van
815,Veryca,Van
816,Veryca Mini,Mini Bus
817,Z7,SUV
818,Fork Lift,Fork Lift
819,Companion,Caravan
820,Bf 105,Bus
821,Bf106,Bus
822,Bf106,Coupe
823,Bf106,Unknown
824,Bh 116,Bus
825,Bs090,Bus
826,Bs105,Bus
827,Bs106,Bus
828,K6e6f,Truck
829,K6e6f,Truck With Crane
830,Lanos,Saloon
831,Leganza Sx,Sedan
832,M2s6f,Truck
833,M2s6f,Truck Head
834,Racer,Sedan
835,Sxc6720g,Bus
836,Tractor,Trailer
837,Truck,Sewage Tanker
838,Truck,Trailer
839,Truck,Truck With Box
840,V3tvf,Trailer Head
841,1000,Mini Bus
842,1000,MPV
843,Charade,Hatchback
844,Charade,Sedan
845,Delta,Pick-Up
846,Delta Tipper,Pick-Up
847,Delta Tipper,Tipper P/Up
848,Feroza,Jeep
849,Gran Max,Mini Bus
850,Gran Max,MPV
851,Gran Max,Pick-Up
852,Gran Max,Van
853,Gran Move S/W.,Saloon
854,Gran Move S/W.,Sedan
855,Grand Max,Unknown
856,Jeep,SUV
857,Materia,Hatchback
858,Materia,Saloon
859,Materia,Sedan
860,Rocky Jeep,SUV
861,Sirion,Hatchback
862,Sirion,Saloon
863,Sirion,Sedan
864,Terios,SUV
865,Terrios,Unknown
866,Yrv,Hatchback
867,Yrv,Saloon
868,Yrv,Sedan
869,Sky Line,Saloon
870,Sky Line,Sedan
871,Gator,Tractor
872,Df140 Power,Crane
873,C32,Pick-Up Double Cab
874,C35,Van
875,Icarus 40.17,Telehandler
876,Avenger,Saloon
877,Avenger,Sedan
878,Caliber,Hatchback
879,Caravan,Hatchback
880,Challenger,Coupe
881,Challenger,Saloon
882,Charger,Coupe
883,Charger,Saloon
884,Charger,Sedan
885,Dart,Saloon
886,Dart,Sedan
887,Durango,Station
888,Durango,Station Wagon
889,Durango,SUV
890,Grand,SUV
891,Neon,Sedan
892,Nitro,Station Wagon
893,Nitro,SUV
894,Nitro Rt,Station Wagon
895,Nitro Rt,SUV
896,Nitro Rt,Unknown
897,Ram,Pick-Up
898,Ram,Pick-Up 2-Door Double Cab
899,Ram,Pick-Up 4-Door Double Cab
900,Ram,Unknown
901,Viper,Coupe
902,D30s-5,Fork Lift
903,850,Sweeper
904,Ca250,Roller
905,Road Roller,Roller
906,Vibratory Roller,Roller
907,Cruiser,Bus
908,Heavy Bus,Bus
909,Pick-Up,Pick-Up 4-Door Double Cab
910,S. Cabin P/Up,Pick-Up 2-Door Single Cab
911,Skyline,Bus
912,Starline,Bus
913,Hydra,Crane
914,Truck,Tractor
915,Bus,Bus
916,Sf50,Fork Lift
917,Mobile Crane,Mobile Crane
918,Truck,Tipper Truck
919,348,Coupe
920,360,Coupe
921,458,Coupe
922,488,Coupe
923,512,Coupe
924,599,Coupe
925,612,Coupe
926,348 Tb,Coupe
927,355 Gts,Coupe
928,360 Modena,Convertible
929,360 Modena,Coupe
930,360 Modena F1,Coupe
931,430 Scuderia,Coupe
932,456 M Gta,Coupe
933,458 Italia,Cabriolet
934,458 Italia,Convertible
935,458 Italia,Coupe
936,458 Spider,Coupe
937,488 Gtb,Coupe
938,488 Pista,Coupe/Convertible
939,488 Spider,Coupe
940,488 Spider,Coupe/Cabriolet
941,512 Tr,Coupe
942,550 Maranello,Coupe
943,550 Marenello,Coupe
944,599 Gtb,Coupe
945,599 Gtb,Sedan
946,812 Superfast,Coupe
947,California,Coupe
948,California,Coupe/Cabriolet
949,Enzo,Coupe
950,F 355,Convertible
951,F 355,Coupe
952,F 430,Coupe
953,F 430 Spyder,Coupe
954,F12,Coupe
955,F12 Berlinetta,Coupe
956,F12 Tdf,Coupe
957,F151,Coupe
958,F40,Coupe
959,F430,Convertible
960,F50,Coupe
961,F575m,Coupe
962,F599,Coupe
963,Ff,Coupe
964,Gtc4,Coupe
965,Gtc4lusso,Coupe
966,Laferrari,Coupe
967,Mondial,Coupe
968,Portofino,Coupe
969,Portofino,Coupe/Cabriolet
970,Scuderia Spider 16m,Convertible
971,Testarosa,Coupe
972,Unknown,Coupe/Cabriolet
973,500,Convertible
974,500,Hatchback
975,1100 F,Sedan
976,500 Covertible,Hatchback
977,500 Stealth,Hatchback
978,500l,SUV
979,500x,SUV
980,Abarth,Hatchback
981,Doblo Combo,MPV
982,Ducato,MPV
983,Ducato,Van
984,Fiat 500,Coupe
985,Fiat 500 Lounge,Saloon
986,Fiorino,Van
987,Fiorino Cargo Van,MPV
988,Fiorino Cargo Van,Van
989,Fullback,Pick-Up
990,Harmony,Motorhome
991,Karma,Sedan
992,Bed,Flat Bed Trailer
993,Bed,Pick-Up
994,Bed,Trailer
995,Traveller,Mini Bus
996,500,Saloon
997,500,Sedan
998,Ac Cobra,Coupe
999,Aeromaster,Van
1000,Caravan,Caravan
1001,Cargo Truck,Tipper Truck
1002,Cargo Truck,Truck
1003,Crown Victoria,Saloon
1004,Crown Victoria,Sedan
1005,Crown Victoria,Unknown
1006,E 150,MPV
1007,E 150,Pick-Up
1008,E 250,Van
1009,E 350,Van
1010,E 450,Caravan
1011,E 450,MPV
1012,E 450,Van
1013,Econoline,MPV
1014,Econoline,Pick-Up
1015,Ecosport,SUV
1016,Edge,SUV
1017,Edge,Unknown
1018,Escape,Station
1019,Escape,Station Wagon
1020,Escape,SUV
1021,Everest,SUV
1022,Excursion,Station
1023,Expedition,Station Wagon
1024,Expedition,Unknown
1025,Expedition   El,Station Wagon
1026,Expedition   El,SUV
1027,Explorer,SUV
1028,Explorer Sport Trac,Pick-Up Double Cab
1029,F 150,Unknown
1030,F 150 Raptor,Double Cabin P/Up
1031,F 150 Raptor,Pick-Up
1032,F 150 Raptor,Unknown
1033,F 250,Pick-Up
1034,F 350,Ambulance
1035,F 350,Pick-Up
1036,F 450,MPV
1037,F 450,Pick-Up
1038,F 450,Van
1039,F100,Pick-Up
1040,F150,Pick-Up
1041,F-150,Pick-Up 2-Door Single Cab
1042,F-150,Pick-Up 4-Door Double Cab
1043,F-150,Unknown
1044,F150   Roush,Pick-Up
1045,F-350,Pick-Up Double Cab
1046,F-350,Van
1047,F-500,Coupe
1048,F-550,Pick-Up Single Cab
1049,Fairlane,Coupe
1050,Fiesta,Hatchback
1051,Fiesta,Saloon
1052,Fiesta,Sedan
1053,Figo,Hatchback
1054,Figo,Saloon
1055,Figo,Sedan
1056,Figo,Unknown
1057,Five Hundred,Sedan
1058,Flex,Station
1059,Flex,Station Wagon
1060,Flex,SUV
1061,Flex,Unknown
1062,Focus,Hatchback
1063,Focus,Pick-Up
1064,Focus,Sedan
1065,Fusion,Saloon
1066,Fusion,Sedan
1067,Fusion,Station Wagon
1068,Fusion,Unknown
1069,Gt Coupe,Coupe
1070,Lincoln,Saloon
1071,Lincoln,Sedan
1072,Lincoln,Unknown
1073,Mondeo,Estate
1074,Mondeo,Saloon
1075,Mondeo,Unknown
1076,Mountaineer,SUV
1077,Mustang,Convertible
1078,Mustang,Coupe
1079,Mustang,Saloon
1080,Mustang,Sedan
1081,Mustang,Unknown
1082,Mustang Roush,Coupe
1083,Mustang Shelby,Coupe
1084,Ranger,Pick-Up 2-Door Single Cab
1085,Ranger R239,Pick-Up
1086,Sport Trac,Pick-Up
1087,Taurus,Saloon
1088,Taurus,Sedan
1089,Taurus,Unknown
1090,Thunderbird,Coupe
1091,Transit,MPV
1092,Transit,Van
1093,Transit Tourneo Cust,Wagon
1094,Vista,Hatchback
1095,Windstar,Van
1096,Lacrosse Towab,Caravan
1097,Bobcat T3571,Fork Lift
1098,Bulgaria,Fork Lift
1099,Bulgaria,Forklift Wheel
1100,Fsv,Crusher
1101,Fsv,Forklift Wheel
1102,Tlihanlr,Forklift Wheel
1103,Aumark,Freezer Truck
1104,Aumark,P/Up With Box
1105,Aumark,Pick-Up
1106,Foton P/Up,Double Cabin P/Up
1107,Foton P/Up,Pick-Up
1108,Foton P/Up,Station Wagon
1109,Minivan,Bus
1110,Minivan,MPV
1111,Minivan,Pick-Up
1112,Sauvana,SUV
1113,View,Bus
1114,View,Mini Bus
1115,Trailer Head,Trailer Head
1116,Quy50a,Crawler Crane
1117,Ga3,Sedan
1118,Gs4,SUV
1119,Gs5,SUV
1120,Gs8,SUV
1121,Troy 100,Pick-Up
1122,Gcb Truck,Loader
1123,Gcb Truck,Shovel Execavator
1124,Excavator,Loader
1125,Excavator,Wheel Loader
1126,Ec825,Sedan
1127,Emgrand Ex7,Hatchback
1128,Emgrand Ex7,Station Wagon
1129,Emgrand Ex7,SUV
1130,Emgrand Gs,SUV
1131,Emgrand Gt,Sedan
1132,Emgrand X7 Sport,SUV
1133,Gx2,SUV
1134,Lc,Saloon
1135,Dl11-55,Telehandler
1136,Dl11-55,Wheel Loader
1137,G80,Sedan
1138,Man Lift,Boom Lift
1139,Acadia,Station Wagon
1140,Acadia,SUV
1141,Acadia Denali,Station
1142,Acadia Denali,SUV
1143,Acadia Sle,Station
1144,Acadia Sle,Station Wagon
1145,Acadia Sle,SUV
1146,Acadia Slt,Station
1147,Acadia Slt,Station Wagon
1148,Acadia Slt,SUV
1149,Acadia Slt,Unknown
1150,American Revolution,Heavy Bus
1151,Blood Mobile,Blood Mobile
1152,C3500,Pick-Up
1153,Envoy,SUV
1154,Envoy Denali,Saloon
1155,Envoy Denali,Station
1156,Envoy Denali,Station Wagon
1157,Jimmy,Station Wagon
1158,Jimmy,SUV
1159,N K R,Pick-Up
1160,Rally,Bus
1161,Safari,Station
1162,Safari,Van
1163,Savana,Ambulance
1164,Savana,Van
1165,Savana  Van,Ambulance
1166,Savana  Van,MPV
1167,Savana  Van,Van
1168,Sierra,Pick-Up
1169,Sierra,Unknown
1170,Sierra Crew Cab,Pick-Up
1171,Starcraft Van,MPV
1172,Suburban S/W,Station
1173,Suburban S/W,Station Wagon
1174,Suburban S/W,SUV
1175,Terrain,SUV
1176,Terrain,Unknown
1177,Yukon,SUV
1178,Yukon Denali,SUV
1179,Yukon Denali,Unknown
1180,Yukon Xl,Station
1181,Yukon Xl,Station Wagon
1182,Yukon Xl,SUV
1183,Flat Bed Trailer,Trailer
1184,Trailer,Cement Mixer
1185,Trailer,Flat Bed Trailer
1186,Trailer,Tipper Trailer
1187,Trailer Tanker,Trailer
1188,Tiger,Double Cabin P/Up
1189,Deer,Pick-Up
1190,Florid,Saloon
1191,Gwperi,Pick-Up
1192,Sailor,Coupe
1193,Sailor,Pick-Up
1194,So Cool,Pick-Up
1195,Wingle,Pick-Up
1196,Wingle 3,Pick-Up
1197,Wingle 3,Pick-Up Double Cab
1198,Wingle 6,Pick-Up
1199,Crw18,Roller
1200,Grw18,Roller
1201,Tyre Roller,Roller
1202,1200 Low,Mobike
1203,Dyna,Mobike
1204,Nightster,Mobike
1205,Sportster,Mobike
1206,Street Glide,Mobike
1207,Vrsc,Mobike
1208,Boomlift,Telehandler
1209,Boomlift,Unknown
1210,H2,SUV
1211,H6 Sport,SUV
1212,H9,SUV
1213,Hmk 102b,Shovel
1214,Klq6798,Bus
1215,300,Pick-Up
1216,300,Pick-Up With Box
1217,500,Truck
1218,300 Series,Truck
1219,300 Series,Truck With Crane
1220,Cwc,Truck
1221,Dutro,Freezer Truck
1222,Dutro,Pick-Up
1223,Dutro,Pick-Up With Box
1224,Dutro,Pick-Up With Freezer Box
1225,Dutro,Truck
1226,Dutro Wu340l,Pick-Up
1227,Dutro Wu410l,Truck
1228,Fd1jua,Truck
1229,Light Van,Refrigerator Van
1230,Light Van,Van
1231,Pick-Up,Freezer Truck
1232,Pick-Up,Heavy Pick-Up
1233,Pick-Up,Pick-Up With Box
1234,Pick-Up,Pick-Up With Freezer Box
1235,Pick-Up,Truck
1236,Pick-Up,Truck With Box
1237,Pick-Up,Truck With Crane
1238,Refrigerator,Coupe
1239,Refrigerator,Refrigerator
1240,Refrigerator,Van With Refrigerator
1241,Tanker,Tanker
1242,Trailer,Tipper Truck
1243,Trailer,Trailer Head
1244,Trailer,Truck Head
1245,Truck,Cargo Truck
1246,Truck,Crusher
1247,Truck,Garbage Truck
1248,Truck,Mixer
1249,Truck,Roller
1250,Truck,Tipper
1251,Truck,Truck With Crane
1252,Truck With Crane,Truck
1253,Truck With Crane,Truck With Crane
1254,Water Tanker,Tanker
1255,Crane,Drilling Rig
1256,Shovel,Loader
1257,Shovel,Wheel Loader
1258,600,Mobike
1259,1100p,Mobike
1260,200 Motor Cycle,Mobike
1261,Accord,Coupe
1262,Accord,Saloon
1263,Accord Coupe,Coupe
1264,Accord Crosstour,Hatchback
1265,Accord Crosstour,Station
1266,Acura,Coupe
1267,Acura,Unknown
1268,Cb 160,Mobike
1269,Cb 250,Mobike
1270,Cbf 125,Mobike
1271,Cbf 160f,Mobike
1272,Cbf150,Bus
1273,Cbf150,Mobike
1274,Cbr 900,Mobike
1275,Cbr1000,Mobike
1276,Cbr250,Mobike
1277,Cbr500,Mobike
1278,Cbr600,Mobike
1279,Cbx250,Mobike
1280,Cbx250 Twister,Mobike
1281,Cc125 Motor Cycle,Mobike
1282,Cd200,Mobike
1283,Cg 125,Mobike
1284,City,Sedan
1285,City,Unknown
1286,Civic,Coupe
1287,Civic,Hatchback
1288,Civic,Saloon
1289,Civic,Sedan
1290,Civic Coupe,Coupe
1291,Crosstour,Station
1292,Crosstour,SUV
1293,Crv,SUV
1294,Crv,Unknown
1295,Crx,Saloon
1296,G200,Mobike
1297,Gbf150,Mobike
1298,Gl 1800,Mobike
1299,Goldwing,Mobike
1300,Goldwing,Unknown
1301,Grf450,Mobike
1302,Hrv,Station Wagon
1303,Hrv,SUV
1304,Jazz,Hatchback
1305,Jazz,Saloon
1306,Jazz,Sedan
1307,Legend,Saloon
1308,Mrv,SUV
1309,Mrv,Unknown
1310,Odyssey,MPV
1311,Odyssey,Unknown
1312,Odyssey J,MPV
1313,Odyssey J,SUV
1314,Odyssey J,Van
1315,Pilot,SUV
1316,Prelude,Coupe
1317,Prelude,Saloon
1318,Rebel 250,Mobike
1319,Ridgeline,Pick-Up
1320,S 2000,Coupe
1321,S2000,Convertible
1322,Shadow,Mobike
1323,Strem,Saloon
1324,Strem,Station
1325,Trigger,Mobike
1326,Trx700,Mobike
1327,Unicorn,Mobike
1328,Valkyrie,Mobike
1329,H1,SUV
1330,H2 Sut,Truck
1331,H3,SUV
1332,H3,Unknown
1333,H2 00xl,Mobile Crane
1334,H3 Oft,Forklift Wheel
1335,H500xl,Crane
1336,H500xl,Fork Lift
1337,Accent,Saloon
1338,Accent,Sedan
1339,Aero,Bus
1340,Aero,Sedan
1341,Atos,Sedan
1342,Azera,Saloon
1343,Azera,Sedan
1344,Centennial,Saloon
1345,Centennial,Sedan
1346,County,Bus
1347,County,Pick/Up
1348,County,Unknown
1349,Coupe,Coupe
1350,Creta,SUV
1351,Elantra,Coupe
1352,Elantra,Saloon
1353,Elantra,Sedan
1354,Elantra Coupe,Coupe
1355,Ex8,Pick-Up
1356,Galloper,Station Wagon
1357,Galloper,SUV
1358,Genesis,Coupe
1359,Genesis,Saloon
1360,Genesis,Sedan
1361,Genesis Coupe,Coupe
1362,Genesis Prada,Sedan
1363,Getz,Hatchback
1364,Getz,Unknown
1365,Grand I10,Hatchback
1366,Grand Santa Fe,SUV
1367,H 1,Unknown
1368,H1,Mini Bus
1369,H1,MPV
1370,H1,Van
1371,H100,Pick-Up
1372,H100,Van
1373,Hd 72,Heavy P/Up
1374,Hd3600,P/Up With Box
1375,Hd3600,Pick-Up
1376,Hd46,Home Gas Pick-Up
1377,Hd46,Pick-Up
1378,Hd46,Unknown
1379,Hd65,Truck
1380,Hl740-7,Wheel Loader
1381,I 10,Hatchback
1382,I 10,Saloon
1383,I 10,Sedan
1384,I 10,Unknown
1385,I 20,Hatchback
1386,I 30,Hatchback
1387,I 30,Saloon
1388,I 30,Sedan
1389,I 40,Saloon
1390,I 40,Sedan
1391,I 40,Station
1392,I40,Estate
1393,Matrix,Hatchback
1394,Santa Fe,SUV
1395,Sonata,Saloon
1396,Sonata,Sedan
1397,Stellar,Sedan
1398,Terracan,Station Wagon
1399,Terracan,SUV
1400,Trajet,MPV
1401,Truck,Cement Pump
1402,Tucson,SUV
1403,Unknown,Hatchback
1404,Van With Freezer,Pick-Up
1405,Veloster,Hatchback
1406,Veloster,Saloon
1407,Veracruz,Station
1408,Veracruz,Station Wagon
1409,Veracruz,SUV
1410,Veracruz,Unknown
1411,Wheel Loader,Drilling Rig
1412,Xg300,Saloon
1413,Xg300,Sedan
1414,Ex35,SUV
1415,Ex35,Unknown
1416,Ex37,Station Wagon
1417,Ex37,SUV
1418,Fx35,SUV
1419,Fx35,Unknown
1420,Fx37,Station Wagon
1421,Fx37,SUV
1422,Fx45,SUV
1423,Fx50,Station Wagon
1424,Fx50,SUV
1425,G 25,Saloon
1426,G 25,Sedan
1427,G25s,Saloon
1428,G25s,Sedan
1429,G35,Sedan
1430,G35,Unknown
1431,G35 Coupe,Coupe
1432,G35 Coupe,Saloon
1433,G37,Convertible
1434,G37,Coupe
1435,G37,Saloon
1436,G37,Sedan
1437,G37 Coupe,Coupe
1438,I30,Saloon
1439,I30,Sedan
1440,I35,Sedan
1441,I35,Unknown
1442,Jx 35,Station Wagon
1443,Jx 35,SUV
1444,Jx35,Station
1445,M35,Saloon
1446,M35,Sedan
1447,M37,Saloon
1448,M37,Sedan
1449,M45,Saloon
1450,M45,Sedan
1451,M56,Saloon
1452,M56,Sedan
1453,Q30,Hatchback
1454,Q45,Saloon
1455,Q45,Sedan
1456,Q50,Saloon
1457,Q50,Sedan
1458,Q50s,Sedan
1459,Q56,Station
1460,Q56,Station Wagon
1461,Q56,SUV
1462,Q60,Convertible
1463,Q60,Coupe
1464,Q60,Saloon
1465,Q70,Sedan
1466,Qx4,Station
1467,Qx4,Station Wagon
1468,Qx4,SUV
1469,Qx4,Unknown
1470,Qx50,Sedan
1471,Qx50,Station Wagon
1472,Qx50,SUV
1473,Qx50,Unknown
1474,Qx56,Station
1475,Qx56,Station Wagon
1476,Qx56,SUV
1477,Qx60,Station Wagon
1478,Qx60,SUV
1479,Qx60,Unknown
1480,Qx70,SUV
1481,Qx70s,SUV
1482,Qx80,Station
1483,Qx80,Station Wagon
1484,Qx80,SUV
1485,Injersolrand,Loader
1486,Rand,Drilling Rig
1487,Rand,Paver
1488,D Max,Pick-Up
1489,D Max,Pick-Up Double Cabin
1490,D Max,Refrigerator Pick-Up
1491,D-Max,Pick-Up
1492,Elf Van,Van
1493,Exr,Tractor
1494,Exr,Trailer
1495,F.S.R,Pick-Up
1496,F.S.R,Saloon
1497,F.S.R,Truck
1498,Freezer,Freezer Truck
1499,Freezer,Refrigerator
1500,Fsr,Truck With Crane
1501,Ftr,Pick-Up
1502,Ftr,Truck
1503,Ftr33p,Truck
1504,Fvr,Truck
1505,Heavy Duty Pick-Up,Pick-Up
1506,Heavy Duty Pick-Up,Truck
1507,Kb,Pick-Up
1508,Kb Pickup,Unknown
1509,Light Truck,Truck
1510,N H R  With Refrigerator,Refrigerator Truck
1511,N K R  With Refrigerator,Refrigerator P/Up
1512,N.K.R,Pick-Up
1513,N.K.R,Pick-Up Truck
1514,N.P.R With Crane,P/Up With Crane
1515,N.P.R.,Bus
1516,N.P.R.,Cargo Truck
1517,N.P.R.,Freezer Truck
1518,N.P.R.,Gas Truck
1519,N.P.R.,Recovery Truck
1520,N.P.R.,Refrigerator Truck
1521,N.P.R.,Tanker
1522,N.P.R.,Tipper Truck
1523,N.P.R.,Trailer Head
1524,N.P.R.,Truck
1525,N.P.R.,Truck With Box
1526,N.P.R.,Truck With Crane
1527,N.P.R. With Refrigerator,Refrigerator Truck
1528,Nhr,Gas Pick-Up
1529,Nhr,Pick-Up
1530,Nhr,Pick-Up With Box
1531,Nhr,Refrigerator Van
1532,Nmr,Dump Truck
1533,Nmr,Refrigerator Truck
1534,Nmr,Tipper Truck
1535,Nmr,Truck
1536,Nmr  With Refrigerator,Refrigerator P/Up
1537,Npr71k22,Pick-Up
1538,Npr71k22,Refrigerator Pick-Up
1539,Npr71k22,Van
1540,Npr85h,Pick-Up
1541,Nqr,Pick-Up
1542,Nqr,Pick-Up Long Box
1543,Qkr,Gas Pick-Up
1544,Qkr,Pick-Up With Box
1545,Qkr,Refrigerator Truck
1546,Qkr,Tanker
1547,Qkr,Truck
1548,Recovery,Recovery
1549,Reward,Pick-Up With Box
1550,Tfr,P/Up With Box
1551,Tfr,Pick-Up
1552,Trooper,Station Wagon
1553,Truck,Crane
1554,Truck,Fire Truck
1555,Truck W/Crane,P/Up With Crane
1556,Truck W/Crane,Truck With Crane
1557,Truck With Refrigerator,Refrigerator
1558,Truck With Refrigerator,Refrigerator Truck
1559,50c 15,Pick-Up With Manlift
1560,Daily Van,Freezer Van
1561,Daily Van,MPV
1562,Daily Van,Pick-Up
1563,Daily Van,Van
1564,Mini Bus,Mini Bus
1565,Panel Van,MPV
1566,Pick/Up,P/Up With Box
1567,Pick/Up,Pick-Up
1568,Pick/Up,Pick-Up Long Box
1569,Power Daily,Mini Bus
1570,Sewerage,Sewarage Tanker
1571,Tipper Truck,Tipper Truck
1572,Tipper Truck,Truck
1573,Trekker,Tractor
1574,Van,MPV
1575,Van,Pick-Up
1576,Van,Van
1577,532,Shovel Forklift
1578,3cx,Backhoe Loader
1579,3cx Eco,Loader
1580,532 - 120 Crane,Crane
1581,532 - 120 Crane,Mobile Crane
1582,535-125,Telehandler
1583,540/170 Loadall,Loader
1584,540/170 Loadall,Shovel Forklift
1585,540-170,Telehandler
1586,Back Hoc,Roller
1587,Backhoe Loader,Backhoe Loader
1588,Excavator,Telehandler
1589,Jcbexc,Excavator
1590,Jcbexc,Shovel
1591,Loader,Shovel Loader
1592,Shovel,Shovel Excavator
1593,Shovel,Shovel Forklift
1594,Skid Steer Loader,Skid Steer Loader
1595,Cpcd50,Forklift
1596,Cpcd70,Forklift
1597,Hfc1046k,Pick-Up
1598,Hfc1055k,Pick-Up
1599,Hfc1063k,Pick-Up
1600,J4,Sedan
1601,J5,Bus
1602,J5,Sedan
1603,J6,MPV
1604,M1,Bus
1605,M1,Mini Bus
1606,M1,Van
1607,M1 Minibus,Bus
1608,M1 Minibus,Coupe
1609,M1 Minibus,Mini Bus
1610,M4,Van
1611,S3,SUV
1612,Truck,Water Tanker
1613,Daimler,Sedan
1614,E-Pace,SUV
1615,E-Type,Convertible
1616,E-Type,Coupe
1617,F Type,Coupe
1618,F-Pace,SUV
1619,F-Type,Convertible
1620,S Type,Saloon
1621,S Type,Sedan
1622,Sovereign,Sedan
1623,Sovereign,Unknown
1624,X J8,Saloon
1625,X J8,Sedan
1626,X Type,Saloon
1627,X Type,Sedan
1628,Xe,Sedan
1629,Xf,Saloon
1630,Xf,Sedan
1631,Xfr,Sedan
1632,Xfr-S,Sedan
1633,Xj,Coupe
1634,Xj,Saloon
1635,Xj,Sedan
1636,Xj 4.2,Saloon
1637,Xj 4.2,Sedan
1638,Xj6,Coupe
1639,Xj6,Saloon
1640,Xj6,Sedan
1641,Xjl,Sedan
1642,Xjr,Sedan
1643,Xjs,Convertible
1644,Xj-S,Coupe
1645,Xk,Convertible
1646,Xk,Coupe
1647,Xk,Saloon
1648,Xk8,Convertible
1649,Xk8,Coupe
1650,Xke,Convertible
1651,Xkr,Convertible
1652,Xkr,Coupe
1653,Xkr,Saloon
1654,Design-1,Convertible
1655,Cherokee,SUV
1656,Commander,Station
1657,Commander,Station Wagon
1658,Commander,SUV
1659,Compas,Station Wagon
1660,Compas,SUV
1661,Compass,SUV
1662,Grand Cherokee,SUV
1663,Grand Cherokee Srt 8,Station Wagon
1664,Grand Cherokee Srt 8,SUV
1665,Grand Wagoneer,Unknown
1666,Liberty,Jeep
1667,Liberty,Station
1668,Liberty,SUV
1669,Patriot,Station Wagon
1670,Patriot,SUV
1671,Renegade,SUV
1672,Wrangler,SUV
1673,Wrangler Unlimited,Station Wagon
1674,Wrangler Unlimited,SUV
1675,Jeepney,SUV
1676,Van,Pick-Up Van
1677,Boom Manlift,Boom Lift
1678,Boom Manlift,Fork Lift
1679,Nhr,Pick-Up Truck
1680,Nkr,Pick-Up
1681,Nkr,Refrigerator Truck
1682,Crane,Mobile Crane
1683,Kr 25h,Crane
1684,Er-4n,Mobike
1685,Klr650,Mobike
1686,Kr20c,Roller
1687,Kr20d,Roller
1688,Ninja 300,Mobike
1689,Ninja Zx 6r,Mobike
1690,Ninja Zzr,Mobike
1691,Z800,Mobike
1692,T800,Concrete Mixer
1693,T800,Tanker
1694,T800,Tipper Trailer
1695,T800,Truck
1696,T800,Truck Head Trailer
1697,T800,Vaccum Tanker
1698,2400,Pick-Up
1699,2400,Unknown
1700,Amanti,Saloon
1701,Bongo,Pick-Up
1702,Borrego,SUV
1703,Cadenza,Saloon
1704,Cadenza,Sedan
1705,Carens,MPV
1706,Carens,Unknown
1707,Carnival,MPV
1708,Carnival S/W,Station Wagon
1709,Cerato,Hatchback
1710,Cerato,Saloon
1711,Cerato,Sedan
1712,Cerato,Station Wagon
1713,Cerato Koup,Coupe
1714,Double Cabin P/Up,Pick-Up
1715,Double Cabin P/Up,Shovel
1716,Forte,Sedan
1717,K 2700,Home Gas Pick-Up
1718,K 2700,Pick-Up
1719,K3000,Pick-Up
1720,K4000g,Heavy P/Up
1721,K4000g,Home Gas Pick-Up
1722,K4000g,Pick-Up
1723,K4000s,Heavy Van
1724,K4000s,Pick-Up
1725,Mohave,SUV
1726,Mohave,Unknown
1727,Opirus,Saloon
1728,Opirus,Sedan
1729,Oprius,Saloon
1730,Oprius,Sedan
1731,Optima,Saloon
1732,Optima,Sedan
1733,Optima Turbo,Saloon
1734,Optima Turbo,Sedan
1735,Picanto,Hatchback
1736,Picanto,Saloon
1737,Picanto,Sedan
1738,Pregio Van,Pick-Up
1739,Quoris,Saloon
1740,Quoris,Sedan
1741,Rio,Hatchback
1742,Rio,Saloon
1743,Rio,Sedan
1744,Sedona,Station
1745,Sedona,SUV
1746,Shuma,Sedan
1747,Sorento,SUV
1748,Soul,Hatchback
1749,Soul,Saloon
1750,Soul,Sedan
1751,Sportage,SUV
1752,Telluride,SUV
1753,Cpcd40aa Fork Lift,Fork Lift
1754,Cargo,Coupe
1755,Cargo,MPV
1756,Cargo,Van
1757,King Longxmq6858,Bus
1758,King Longxmq6858,Mini Bus
1759,Xmq6128y,Bus
1760,Xmq6532feg2,MPV
1761,Xmq6532feg2,Van
1762,Mr130zevo2,Crusher
1763,Kr806-3d,Piling & Drilling
1764,Rk250,Mobile Crane
1765,Sk 480,Excavator
1766,Bulldozer,Bulldozer Crawler
1767,Dump Truck,Dump Truck
1768,Dump Truck,Dumper
1769,Dump Truck,Truck
1770,Excavator,Crawler Excavator
1771,Excavator,Truck
1772,Fd 25t-14,Fork Lift
1773,Fd 25t-14,Forklift Wheel
1774,Fd 30,Fork Lift
1775,Fd 30,Forklift Wheel
1776,Fd 70-7,Fork Lift
1777,Fd 70-7,Forklift Wheel
1778,Fd 70-7,Mobile Crane
1779,Fd30ht 17,Forklift
1780,Fd50at,Forklift Wheel
1781,Fork Lift,Forklift Wheel
1782,Fork Lift,Pick-Up With Fork Lift
1783,Fork Lift,Tanker
1784,Forklift Fd25,Fork Lift
1785,Hd 325-6,Tipper
1786,Komatsu D575,Drill
1787,Pc 400-8r,Excavator
1788,Pc400,Drill
1789,Pc400,Excavator
1790,Shovel,Shovel Loader
1791,Shovel,Shovel Wheel Loader
1792,Wa 470,Wheel Loader
1793,Wa470-5,Wheel Loader
1794,Wheel Loader,Shovel Loader
1795,Wheel Loader,Shovel Wheel Loader
1796,Wheel Loader,Truck
1797,200 Exc,Mobike
1798,200 Exc,Unknown
1799,390 Duke,Mobike
1800,Duke,Mobike
1801,Mobike,Mobike
1802,Pick-Up,Pick-Up Double Cabin
1803,Xciting R,Mobike
1804,Niva,SUV
1805,Aventador,Coupe
1806,Diablo Vt,Coupe
1807,Gallardo,Convertible
1808,Gallardo,Coupe
1809,Gallardo,Saloon
1810,Huracan,Coupe
1811,Murcielago,Coupe
1812,Urus,SUV
1813,101,Jeep
1814,Defender,SUV
1815,Defender,Unknown
1816,Discovery,Station
1817,Discovery,Station Wagon
1818,Discovery,SUV
1819,Discovery Sport,SUV
1820,Free Lander,SUV
1821,Freelander,Station Wagon
1822,L 320,Station
1823,L 320,SUV
1824,Lr2,Station
1825,Lr2,Station Wagon
1826,Lr2,SUV
1827,Lr3,Station
1828,Lr3,SUV
1829,Lr4,SUV
1830,New Range Rover,SUV
1831,Range Rover,SUV
1832,Range Rover Evoque,SUV
1833,Range Rover Evouque,SUV
1834,Range Rover Sport,SUV
1835,Range Rover Velar,SUV
1836,Ct 200h,Hatchback
1837,Es 300,Saloon
1838,Es 300,Sedan
1839,Es 300,Unknown
1840,Es 330,Saloon
1841,Es 330,Sedan
1842,Es 350,Saloon
1843,Es 350,Sedan
1844,Es250,Coupe
1845,Es250,Saloon
1846,Es250,Sedan
1847,Gs 250,Sedan
1848,Gs 300,Saloon
1849,Gs 300,Sedan
1850,Gs 300,Unknown
1851,Gs 350,Sedan
1852,Gs 400,Sedan
1853,Gs 430,Sedan
1854,Gs 450 H,Sedan
1855,Gs 460,Saloon
1856,Gs F,Sedan
1857,Gs200t,Sedan
1858,Gs250,Saloon
1859,Gs350,Saloon
1860,Gs430,Saloon
1861,Gs460,Sedan
1862,Gx 470,SUV
1863,Gx 470,Unknown
1864,Gx460,SUV
1865,Is 250,Sedan
1866,Is 250,Unknown
1867,Is 300,Saloon
1868,Is 300,Sedan
1869,Is 300,Unknown
1870,Is 300 C,Coupe
1871,Is 350,Saloon
1872,Is 350,Sedan
1873,Is F,Sedan
1874,Is200t,Sedan
1875,Is250,Saloon
1876,Is300,Coupe
1877,Is300c,Cabriolet
1878,Is-F?,Sedan
1879,Lc500h,Coupe
1880,Ls 400,Saloon
1881,Ls 400,Sedan
1882,Ls 430,Saloon
1883,Ls 430,Sedan
1884,Ls 430,Unknown
1885,Ls 460,Saloon
1886,Ls 460,Sedan
1887,Ls 600,Saloon
1888,Ls 600,Sedan
1889,Ls430,Truck
1890,Ls430,Unknown
1891,Ls460,Coupe
1892,Ls500h,Sedan
1893,Ls600h,Sedan
1894,Lx 470,SUV
1895,Lx 570,Saloon
1896,Lx 570,SUV
1897,Lx450,SUV
1898,Lx470,Station
1899,Lx570,SUV
1900,Nx 200t,Station Wagon
1901,Nx 200t,SUV
1902,Nx300,SUV
1903,Rc,Coupe
1904,Rc F,Coupe
1905,Rc200t,Coupe
1906,Rc350,Coupe
1907,Rx 300,"Saloon, S/W"
1908,Rx 300,Station Wagon
1909,Rx 300,SUV
1910,Rx 330,Saloon
1911,Rx 330,Station Wagon
1912,Rx 330,SUV
1913,Rx 350,Station Wagon
1914,Rx 350,SUV
1915,Rx 350,Unknown
1916,Rx 450,SUV
1917,Rx330,Station
1918,Rx350,SUV
1919,Rx450h,SUV
1920,Sc 300,Coupe
1921,Sc 430,Coupe
1922,Sc430,Cabriolet
1923,Sc430,Convertible
1924,Se 300,Saloon
1925,Se 300,Sedan
1926,Ux200,SUV
1927,Crane,Crawler Crane
1928,Continental Reserve,Sedan
1929,Mkc,Station Wagon
1930,Mkc,SUV
1931,Mks,Saloon
1932,Mks,Sedan
1933,Mkt,Bus
1934,Mkt,Station
1935,Mkt,SUV
1936,Mk-T,Station Wagon
1937,Mkx,SUV
1938,Mkz,Saloon
1939,Mkz,Sedan
1940,Nautilus,SUV
1941,Navigator,SUV
1942,Navigator  El,SUV
1943,Town Car,Saloon
1944,Town Car,Sedan
1945,Fork Lift,Fork Lift Wheel
1946,Trailer,Cement Tanker
1947,Trailer,Diesel Tanker
1948,Trailer,Tanker
1949,Trailer,Trailer Flat
1950,Trailer,Trailer With Crane
1951,Lg 30dt,Fork Lift
1952,2 Eleven,Coupe
1953,Evora,Coupe
1954,Exige,Coupe
1955,Exige,Coupe/Cabriolet
1956,Exige,Coupe/Convertible
1957,Exige S,Coupe
1958,7,Station Wagon
1959,7,SUV
1960,U6,SUV
1961,U7,Station Wagon
1962,U7,SUV
1963,373-38,Drilling Rig
1964,Concrete Mixer,Concrete Mixer
1965,Concrete Pump,Concrete Pump
1966,T.G.M. 18.240,Truck With Crane
1967,Tga33.440,Soil Testing Lab
1968,Tga33.440,Truck
1969,Tgm18.240,Truck
1970,Tipper Trailer,Tipper Trailer
1971,Tipper Truck,Tipper
1972,Tractor Unit,Tractor
1973,Trailer,Fuel Tanker
1974,Trailer,Mixer
1975,Trailer,Trailer Flat Bed
1976,Trailer,Truck
1977,Trailer Head,Heavy Truck
1978,Trailer Head,Tipper Trailer
1979,Truck,Excavator
1980,Truck,Heavy Truck
1981,Truck,Horse Truck
1982,Truck,Trailer Truck
1983,Tractor Head,Tractor Head
1984,Scorpio,Pick-Up
1985,Xuv 500,SUV
1986,Highbed,Flat Bed Trailer
1987,Tipper,Tipper
1988,Coupe Gt,Coupe
1989,Coupe Gt,Saloon
1990,Coupe Gt,Sedan
1991,Ghibli,Saloon
1992,Ghibli,Sedan
1993,Gran Turismo,Coupe
1994,Gran Turismo,Saloon
1995,Gran Turismo,Sedan
1996,Grancabrio,Convertible
1997,Grancabrio,Coupe
1998,Gransport,Coupe
1999,Levante,SUV
2000,Levante S,SUV
2001,Mc 12,Saloon
2002,Quattroporte,Coupe
2003,Quattroporte,Saloon
2004,Quattroporte,Sedan
2005,Quattroporte S,Saloon
2006,Quattroporte S,Sedan
2007,Quattroporte Sport Gt,Sedan
2008,Spyder,Coupe
2009,Fork Lift,Crusher
2010,G10,Bus
2011,G10,MPV
2012,G10,Van
2013,T60,Pick-Up
2014,V80,Mini Bus
2015,V80,Van
2016,62,Limousine
2017,2,Hatchback
2018,2,Saloon
2019,3,Hatchback
2020,3,Saloon
2021,3,Sedan
2022,3,Unknown
2023,6,Hatchback
2024,6,Saloon
2025,6,Sedan
2026,6,Station Wagon
2027,323,Saloon
2028,323,Sedan
2029,323,Unknown
2030,626,Saloon
2031,626,Sedan
2032,929,Saloon
2033,929,Sedan
2034,3 's',Saloon
2035,3 Sport,Hatchback
2036,323 Glx At,Sedan
2037,3500 T P/Up,Home Gas Pick-Up
2038,3500 T P/Up,Pick-Up
2039,6 's',Saloon
2040,6 's',"Saloon, S/W"
2041,6 Ultra,Sedan
2042,B 2000,Pick-Up
2043,B2200,Pick-Up
2044,B2900,Pick-Up
2045,Bt-50,Pick/Up
2046,Bt-50,Pick-Up Double Cab
2047,Bt50- 2200,Pick-Up
2048,Cx 5,SUV
2049,Cx-3,SUV
2050,Cx5,Station Wagon
2051,Cx-5,Saloon
2052,Cx7,Station
2053,Cx7,SUV
2054,Cx9,Station
2055,Cx9,Station Wagon
2056,Cx9,SUV
2057,Cx9,Unknown
2058,Cx-9,SUV
2059,Cx-9,Unknown
2060,E 2000 S.Cabin P/Up,Coupe
2061,E 2000 S.Cabin P/Up,Pick-Up
2062,E2000,Pick-Up
2063,E2000,Unknown
2064,E2000,Van
2065,E2000 Mini Bus,Bus
2066,E2000 Mini Bus,Coupe
2067,E2000 Mini Bus,Mini Bus
2068,Lantis,Sedan
2069,Mpv,SUV
2070,Mx5,Coupe
2071,Mx-5,Convertible
2072,Mx-5,Coupe
2073,T2600,Pick-Up
2074,T3500,Pick-Up
2075,T3500,Water Tanker (Non Drinkable)
2076,Ultra 2.5,Saloon
2077,Ultra 2.5,Sedan
2078,540c,Coupe
2079,570s,Coupe
2080,650s,Coupe
2081,650s,Coupe/Cabriolet
2082,650s Spider,Coupe
2083,675lt,Coupe
2084,720s,Coupe
2085,Mp4,Coupe
2086,Mp4 12c,Convertible
2087,Mp4 12c,Coupe
2088,Mso,Coupe
2089,P1,Coupe
2090,Senna,Coupe
2091,280,Coupe
2092,404,Bus
2093,450,Saloon
2094,600,Sedan
2095,1628,Trailer
2096,1722,Trailer
2097,1722,Truck
2098,1824,Garbage Truck
2099,1824,Gas Tanker
2100,1838,Trailer
2101,1838,Truck
2102,1840,Trailer
2103,1840,Truck
2104,1843,Trailer
2105,1844,Trailer
2106,1844,Trailer + Head
2107,1844,Truck
2108,1848,Trailer
2109,1850,Trailer
2110,1935,Trailer
2111,2038,Tipper Truck
2112,2038,Trailer
2113,2040,Flat Bed Trailer
2114,2040,Trailer
2115,2040,Truck
2116,2040,Truck Head
2117,2040,Truck Head With Trailer
2118,2044,Truck Head
2119,2534,Refrigerator Truck
2120,2538,Coupe
2121,2538,Tanker
2122,2538,Tipper Truck
2123,2538,Truck
2124,2538,Truck With Crane
2125,2540,Truck
2126,2540,Vaccum Tanker
2127,2544,Truck
2128,2624,Truck With Crane
2129,2635,Coupe
2130,2635,Trailer
2131,2635,Truck
2132,2638,Lopid Trailer
2133,2638,Tanker
2134,2638,Trailer
2135,2638,Unknown
2136,2644,Trailer Flat
2137,4031,Cement Bulker
2138,4031,Tipper Truck
2139,4031,Truck
2140,4140,Concrete Pump
2141,4140,Pump (Putz)
2142,0350 Tourismo,Bus
2143,140 Bus,Bus
2144,280 Se,Saloon
2145,280 Se,Sedan
2146,280 Se,Unknown
2147,280 Sl,Coupe
2148,308 Cdi Sprinter,MPV
2149,308 Cdi Sprinter,Pick-Up
2150,308 Cdi Sprinter,Van
2151,311 Cdi Sprinte,Bus
2152,311 Cdi Sprinte,Pick-Up
2153,380sl,Convertible
2154,380sl,Sedan
2155,4031/45,Tipper Truck
2156,4031/45,Trailer
2157,4031/45,Water Tanker
2158,450 Sl,Coupe/Convertible
2159,450sl,Convertible
2160,500 Sel,Saloon
2161,500 Sel,Sedan
2162,560 Sl,Coupe
2163,560 Sl,Coupe/Cabriolet
2164,560 Sl,Coupe/Convertible
2165,815dka,Pick-Up
2166,A 250,Saloon
2167,A 250,Sedan
2168,A 45,Coupe
2169,A 45 Amg,Coupe
2170,A180,Hatchback
2171,A250,Hatchback
2172,A45,Hatchback
2173,A45,Sedan
2174,Amg Gt,Coupe
2175,Amg Gt,Coupe/Cabriolet
2176,Atego,Fire Truck
2177,B 150,Saloon
2178,B 170,Sedan
2179,B 200,Saloon
2180,B 200,Sedan
2181,B 200 Turbo,Sedan
2182,B150,Hatchback
2183,B150,Sedan
2184,B160,Hatchback
2185,B170,Hatchback
2186,B200,Hatchback
2187,Benz 1835,Trailer
2188,Benz 3235,Garbage Truck
2189,Benz Actros,Concrete Pump
2190,Benz Actros,Truck
2191,C 160 K,Coupe
2192,C 160 K,Sedan
2193,C 180,Saloon
2194,C 180,Sedan
2195,C 180 Coupe,Coupe
2196,C 200,Sedan
2197,C 200 K,Coupe
2198,C 200 K,Saloon
2199,C 200 K,Sedan
2200,C 220,Saloon
2201,C 230,Saloon
2202,C 230,Sedan
2203,C 240,Saloon
2204,C 240,Sedan
2205,C 240,Unknown
2206,C 250,Coupe
2207,C 250,Saloon
2208,C 250,Sedan
2209,C 280,Saloon
2210,C 280,Sedan
2211,C 300,Saloon
2212,C 300,Sedan
2213,C 320,Sedan
2214,C 350,Coupe
2215,C 350,Saloon
2216,C 350,Sedan
2217,C 63,Coupe
2218,C 63,Saloon
2219,C 63,Sedan
2220,C 63 Amg,Saloon
2221,C160 K,Hatchback
2222,C180 K,Hatchback
2223,C180 K,Saloon
2224,C180 K,Sedan
2225,C200,Coupe
2226,C200,Saloon
2227,C200,Sedan
2228,C200,Unknown
2229,C200 K,Hatchback
2230,C230,Sedan
2231,C230 K,Sedan
2232,C250,Unknown
2233,C300,Cabriolet
2234,C300,Convertible
2235,C300,Coupe
2236,C350,Coupe
2237,C43 Amg,Cabriolet
2238,C43 Amg,Coupe
2239,C43 Amg,Sedan
2240,C450 Amg,Sedan
2241,C63 Amg,Coupe
2242,C63 Amg,Sedan
2243,Cdi  616,Station Wagon
2244,Cdi Sprinter,MPV
2245,Cdi Sprinter,Van
2246,Ce 300,Coupe
2247,Ce 300,Sedan
2248,Ce 300,Unknown
2249,Cement Mixer,Cement Mixer
2250,Cement Mixer,Concrete Mixer
2251,Cement Tanker,Cement Tanker
2252,Cl 500,Coupe
2253,Cl 500,Saloon
2254,Cl 500,Sedan
2255,Cl 500,Unknown
2256,Cl 55,Coupe
2257,Cl 550,Coupe
2258,Cl 550,Saloon
2259,Cl 600,Unknown
2260,Cl 63,Coupe
2261,Cl 63,Saloon
2262,Cl 65,Coupe
2263,Cl 65,Saloon
2264,Cl55 Amg,Coupe
2265,Cl600,Coupe
2266,Cl600,Unknown
2267,Cl63 Amg,Coupe
2268,Cl65 Amg,Coupe
2269,Cla 200,Saloon
2270,Cla 250,Coupe
2271,Cla 250,Saloon
2272,Cla 250,Sedan
2273,Cla 45,Sedan
2274,Cla45 Amg,Sedan
2275,Clc 180,Coupe
2276,Clc 200,Coupe
2277,Clc 200,Saloon
2278,Clc 230,Coupe
2279,Clc180k,Hatchback
2280,Clc200k,Coupe
2281,Clc200k,Hatchback
2282,Clc230 K,Coupe
2283,Clc230 K,Hatchback
2284,Clc250,Hatchback
2285,Clk,Coupe
2286,Clk 200,Coupe
2287,Clk 230,Coupe
2288,Clk 240,Coupe
2289,Clk 280,Coupe
2290,Clk 320,Coupe
2291,Clk 320,Saloon
2292,Clk 350,Coupe
2293,Clk 500,Coupe
2294,Clk 55,Coupe
2295,Clk200 K,Convertible
2296,Clk200 K,Coupe
2297,Clk230 K,Convertible
2298,Clk280,Convertible
2299,Clk320,Convertible
2300,Clk320 Cdi,Coupe
2301,Clk350,Convertible
2302,Clk500,Convertible
2303,Clk55 Amg,Coupe
2304,Clk63 Amg,Coupe
2305,Cls 280,Saloon
2306,Cls 350,Coupe
2307,Cls 350,Saloon
2308,Cls 350,Sedan
2309,Cls 500,Sedan
2310,Cls 500,Unknown
2311,Cls 55,Coupe
2312,Cls 550,Sedan
2313,Cls 63,Sedan
2314,Cls 63 Amg,Coupe
2315,Cls 63 Amg,Saloon
2316,Cls280,Sedan
2317,Cls300,Sedan
2318,Cls400,Coupe
2319,Cls400,Sedan
2320,Cls500,Saloon
2321,Cls500,Sedan
2322,Cls53 Amg,Coupe
2323,Cls55 Amg,Sedan
2324,Cls63 Amg,Sedan
2325,Concrete Mixer,Cement Mixer
2326,Concrete Mixer,Mixer
2327,Concrete Pump,Pump
2328,Concrete Pump,Pump Mixer
2329,Concrete Pump,Schewing Pump
2330,Diesel Tanker,Tanker
2331,Diesel Tanker,Truck
2332,Drinage Tanker,Tanker
2333,E 190,Saloon
2334,E 190,Sedan
2335,E 190,Unknown
2336,E 200,Coupe
2337,E 200,Saloon
2338,E 200,Sedan
2339,E 220,Coupe
2340,E 220,Saloon
2341,E 230,Saloon
2342,E 230,Sedan
2343,E 230,Unknown
2344,E 240,Saloon
2345,E 240,Sedan
2346,E 240,Unknown
2347,E 250,Coupe
2348,E 250,Saloon
2349,E 250,Sedan
2350,E 250 Coupe,Coupe
2351,E 280,Saloon
2352,E 280,Sedan
2353,E 280,Unknown
2354,E 300,Saloon
2355,E 300,Sedan
2356,E 300 Coupe,Coupe
2357,E 320,Saloon
2358,E 320,Sedan
2359,E 320 Coupe,Coupe
2360,E 350,Saloon
2361,E 350,Sedan
2362,E 350,Unknown
2363,E 350 Coupe,Coupe
2364,E 400,Sedan
2365,E 420,Saloon
2366,E 420,Sedan
2367,E 420,Unknown
2368,E 430,Sedan
2369,E 50,Saloon
2370,E 50,Sedan
2371,E 500,Saloon
2372,E 500,Sedan
2373,E 500,Unknown
2374,E 500 Coupe,Coupe
2375,E 55,Saloon
2376,E 55,Sedan
2377,E 55,Unknown
2378,E 63,Coupe
2379,E 63,Sedan
2380,E200,Cabriolet
2381,E200,Convertible
2382,E200 Cgi Coupe,Coupe
2383,E250,Cabriolet
2384,E250,Coupe
2385,E280,Unknown
2386,E300,Cabriolet
2387,E300,Convertible
2388,E300,Coupe
2389,E300,Saloon
2390,E320,Convertible
2391,E320,Coupe
2392,E320,Limousine
2393,E320,Unknown
2394,E350,Convertible
2395,E350,Coupe
2396,E350,Limousine
2397,E350,Unknown
2398,E350 Cabriolet,Coupe
2399,E400,Convertible
2400,E400,Coupe
2401,E400,Unknown
2402,E400 Cabriolet,Coupe
2403,E43 Amg,Sedan
2404,E500,Coupe
2405,E55 Amg,Sedan
2406,E550,Coupe
2407,E63 Amg,Saloon
2408,E63 Amg,Sedan
2409,Flat Bed Truck,Truck
2410,Flour Tanker,Tanker
2411,G 320,SUV
2412,G 500,Station Wagon
2413,G 500,SUV
2414,G 500,Unknown
2415,G 500 Lwb,SUV
2416,G 500 Swb,SUV
2417,G 55,Station
2418,G 55,SUV
2419,G 63,Station Wagon
2420,G 63,SUV
2421,G 65,Station
2422,G 65,SUV
2423,G350,SUV
2424,G500,SUV
2425,G55 Amg,Station
2426,G55 Amg,SUV
2427,G63 Amg,Station Wagon
2428,G63 Amg,SUV
2429,G65 Amg,SUV
2430,Gl 400,Station Wagon
2431,Gl 400,SUV
2432,Gl 450,Unknown
2433,Gl 500,Station
2434,Gl 500,Station Wagon
2435,Gl 500,SUV
2436,Gl 500,Unknown
2437,Gl 550,SUV
2438,Gl450,SUV
2439,Gl500,SUV
2440,Gl63,Station
2441,Gl63,SUV
2442,Gl63 Amg,SUV
2443,Gla 250,Sedan
2444,Gla 250,SUV
2445,Gla 45,SUV
2446,Gla220,SUV
2447,Gla250,Saloon
2448,Gla45 Amg,SUV
2449,Glc 43 Amg,SUV Coupe
2450,Glc250,SUV
2451,Glc300,SUV
2452,Gle 400,Station Wagon
2453,Gle 400,SUV
2454,Gle 450,SUV
2455,Gle 63 Amg,SUV
2456,Gle43 Amg,SUV
2457,Gle43 Amg,SUV Coupe
2458,Gle450,SUV Coupe
2459,Gle500,SUV
2460,Gle63 Amg,SUV Coupe
2461,Glk,SUV
2462,Glk 250,Station Wagon
2463,Glk 250,SUV
2464,Glk 250,Unknown
2465,Glk 280,Station Wagon
2466,Glk 280,SUV
2467,Glk 280,Unknown
2468,Glk 300,SUV
2469,Glk 350,Station Wagon
2470,Glk 350,SUV
2471,Glk300,Station Wagon
2472,Gls500,SUV
2473,Gls63 Amg,SUV
2474,Gt S,Coupe
2475,Head Trailer,Trailer Head
2476,M/Bus Mcv200,Bus
2477,Maybach,Saloon
2478,Maybach,Sedan
2479,Mb 114,Ambulance
2480,Mb 114,Pick-Up
2481,Mcv Bus,Bus
2482,Mercedes,Station Wagon
2483,Mixer,Mixer
2484,Ml 320,Station
2485,Ml 320,Station Wagon
2486,Ml 320,SUV
2487,Ml 320,Unknown
2488,Ml 350,Unknown
2489,Ml 400,SUV
2490,Ml 55,SUV
2491,Ml 63,Saloon
2492,Ml 63,Station Wagon
2493,Ml 63,SUV
2494,Ml320 Cdi,SUV
2495,Ml350,SUV
2496,Ml400,Station Wagon
2497,Ml430,SUV
2498,Ml500,SUV
2499,Ml63 Amg,SUV
2500,Pump (Putz),Pump (Putz)
2501,R 280,Station
2502,R 280,SUV
2503,R 300,Station
2504,R 300,Station Wagon
2505,R 300,SUV
2506,R 500,Station
2507,R 500,SUV
2508,R280,MPV
2509,R280 L,MPV
2510,R300l,MPV
2511,R350,MPV
2512,R350l,MPV
2513,R350l,SUV
2514,R500,MPV
2515,S,Refrigerator Pick-Up
2516,S 280,Saloon
2517,S 280,Sedan
2518,S 300,Saloon
2519,S 300,Sedan
2520,S 320,Saloon
2521,S 320,Sedan
2522,S 320,Unknown
2523,S 320 L,Coupe
2524,S 320 L,Saloon
2525,S 320 L,Sedan
2526,S 350,Coupe
2527,S 350,Saloon
2528,S 350,Sedan
2529,S 350,Unknown
2530,S 350 L,Saloon
2531,S 350 L,Sedan
2532,S 400,Saloon
2533,S 400,Sedan
2534,S 500,Unknown
2535,S 500 Coupe,Coupe
2536,S 500 Coupe,Station Wagon
2537,S 500 L,Saloon
2538,S 500 L,Sedan
2539,S 55,Sedan
2540,S 550,Saloon
2541,S 550,Sedan
2542,S 600,Coupe
2543,S 600,Saloon
2544,S 600,Sedan
2545,S 600,Unknown
2546,S 600 L,Saloon
2547,S 600 L,Sedan
2548,S 63,Saloon
2549,S 63,Sedan
2550,S 63 Amg Coupe,Coupe
2551,S 65,Sedan
2552,S 65 Amg,Sedan
2553,S 65 Amg Coupe,Coupe
2554,S230,Saloon
2555,S230,Sedan
2556,S400 Hybrid,Sedan
2557,S400 L,Sedan
2558,S500,Coupe
2559,S500,Saloon
2560,S500,Sedan
2561,S500,Unknown
2562,S500 Maybach,Sedan
2563,S55 Amg,Sedan
2564,S560 Coupe,Coupe
2565,S63 Amg,Convertible
2566,S63 Amg,Coupe
2567,S63 Amg,Sedan
2568,S65 Amg,Coupe
2569,S650 Maybach,Sedan
2570,Se 450,Saloon
2571,Se300,Saloon
2572,Se300,Sedan
2573,Sec 560,Sedan
2574,Sel 280,Saloon
2575,Sel 300,Saloon
2576,Sel 300,Sedan
2577,Sel 560,Saloon
2578,Sel 560,Sedan
2579,Sel 560,Unknown
2580,Sel 600,Saloon
2581,Sel 600,Sedan
2582,Sewerage Tanker,Tanker
2583,Sl 280,Coupe
2584,Sl 280,Saloon
2585,Sl 300,Coupe
2586,Sl 300,Saloon
2587,Sl 350,Coupe
2588,Sl 380,Coupe
2589,Sl 400,Coupe
2590,Sl 500,Coupe
2591,Sl 500,Saloon
2592,Sl 500,Sedan
2593,Sl 55,Coupe
2594,Sl 55,Unknown
2595,Sl 550,Coupe
2596,Sl 600,Coupe
2597,Sl 600,Saloon
2598,Sl 600,Sedan
2599,Sl 63,Coupe
2600,Sl 65,Coupe
2601,Sl300,Coupe\/Cabriolet
2602,Sl350,Cabriolet
2603,Sl350,Saloon
2604,Sl400,Coupe/Cabriolet
2605,Sl400,Sedan
2606,Sl450,Convertible
2607,Sl500,Cabriolet
2608,Sl55 Amg,Coupe/Cabriolet
2609,Sl600,Coupe/Cabriolet
2610,Sl63 Amg,Convertible
2611,Sl63 Amg,Coupe
2612,Sl65 Amg,Coupe/Cabriolet
2613,Slc 450,Coupe
2614,Slc 450,Saloon
2615,Slc 560,Saloon
2616,Slc200,Coupe
2617,Slc200,Coupe/Cabriolet
2618,Slc300,Coupe/Cabriolet
2619,Slc43 Amg,Coupe/Cabriolet
2620,Slk 200,Coupe
2621,Slk 200,Coupe/Cabriolet
2622,Slk 200,Sedan
2623,Slk 230,Coupe
2624,Slk 280,Coupe
2625,Slk 350,Coupe
2626,Slk 55,Coupe
2627,Slk200 K,Coupe
2628,Slk200 K,Coupe/Cabriolet
2629,Slk230 K,Coupe
2630,Slk230 K,Coupe/Cabriolet
2631,Slk250,Coupe
2632,Slk250,Coupe/Cabriolet
2633,Slk280,Coupe/Cabriolet
2634,Slk320,Coupe/Cabriolet
2635,Slk350,Coupe/Cabriolet
2636,Slk55 Amg,Coupe/Cabriolet
2637,Slr,Coupe
2638,Slr Mclaren,Coupe
2639,Sls Amg,Convertible
2640,Sls Amg,Coupe
2641,Sls Amg Coupe,Coupe
2642,Sls Amg Coupe,Saloon
2643,Sprinter Van,Ambulance
2644,Sprinter Van,MPV
2645,Sprinter Van,Van
2646,Tanker,Water Tanker
2647,Te 320,"Saloon, S/W"
2648,Te 320,Sedan
2649,Tipper,Dump Truck
2650,Tipper,Truck
2651,Tipper / Trailer,Tipper/Trailer
2652,Tipper / Trailer,Truck
2653,Tractor Head,Tractor
2654,Tractor Head,Trailer Head
2655,Trailer,Lopid Trailer
2656,Trailer,Low Bed Trailer
2657,Trailer Head,Trailer
2658,Trailer Head,Trailer Flat
2659,Trailer Head,Truck
2660,Truck,Diesel Tanker
2661,Truck,Garbage Compactor
2662,Truck Crane 1619,Crane
2663,Truck Crane 1619,Truck With Crane
2664,Truck Crane 2644,Truck With Crane
2665,Truck Head 1735,Truck Head
2666,Truck Head 2538,Truck With Crane
2667,Truck Head 3848,Truck Head
2668,Truck Mixer,Mixer
2669,Truck With Crane,Crane
2670,V 220,Saloon
2671,V 220,SUV
2672,V 250,Van
2673,V Calss,Van
2674,V250,Mini Bus Lwb
2675,V250,MPV
2676,V520,MPV
2677,Viano,Mini Bus
2678,Viano,MPV
2679,Viano 3.0,MPV
2680,Viano 3.0,Van
2681,Viano 3.2,Station Wagon
2682,Viano 3.5  Trend Limousine,MPV
2683,Viano 3.5  Trend Limousine,Station
2684,Viano 3.5  Trend Limousine,SUV
2685,Viano 3.5 Ambiente,Station Wagon
2686,Viano 3.5 Ambiente,SUV
2687,Vito,SUV
2688,Vito,Van
2689,Vito 112,Van
2690,Vito 114,MPV
2691,Vito 114,Pick-Up
2692,Vito 114,Station Wagon
2693,Vito Tourer,MPV
2694,Water Tanker,Sewage Tanker
2695,Grand Marquis,Sedan
2696,Mariner,SUV
2697,Milan,Saloon
2698,Milan,Sedan
2699,Montigo,Saloon
2700,Montigo,Sedan
2701,Telescopic Loader,Loader
2702,Ferguson,Truck
2703,5,Hatchback
2704,350,Saloon
2705,350,Sedan
2706,360,Sedan
2707,550,Saloon
2708,550,Sedan
2709,Gs,SUV
2710,Zs,SUV
2711,Cabrio S,Coupe
2712,Cooper,Convertible
2713,Cooper,Coupe
2714,Cooper,Hatchback
2715,Cooper,Saloon
2716,Cooper,Unknown
2717,Cooper Clubman,Estate
2718,Cooper Countryman,Hatchback
2719,Cooper Countryman,Sedan
2720,Cooper Roadster,Convertible
2721,Cooper Rover,Coupe
2722,Cooper S,Convertible
2723,Cooper S,Coupe
2724,Cooper S,Hatchback
2725,Cooper S,Saloon
2726,Cooper S Clubman,Estate
2727,Cooper S Clubman,Hatchback
2728,Cooper S Countryman,Hatchback
2729,Cooper S Roadster,Convertible
2730,John Cooper Works,Coupe
2731,John Cooper Works,Hatchback
2732,Asx,SUV
2733,Attrage,Coupe
2734,Attrage,Saloon
2735,Attrage,Sedan
2736,Canter,Bus
2737,Canter,Cargo Truck
2738,Canter,Diesel Tanker
2739,Canter,Dump Truck
2740,Canter,Dumper
2741,Canter,Freezer Pick-Up
2742,Canter,Freezer Van
2743,Canter,Gas Pick-Up
2744,Canter,Heavy Van
2745,Canter,Mini Bus
2746,Canter,Oil Tanker
2747,Canter,Others
2748,Canter,Pick-Up
2749,Canter,Pick-Up Double Cabin
2750,Canter,Pick-Up Single Cabin
2751,Canter,Pick-Up With Box
2752,Canter,Pick-Up With Cargo
2753,Canter,Pick-Up With Cargo Body
2754,Canter,Pick-Up With Crane
2755,Canter,Recovery Truck
2756,Canter,Recovery Van
2757,Canter,Refrigerator Truck
2758,Canter,Refrigerator Van
2759,Canter,Sewage Tanker
2760,Canter,Tanker
2761,Canter,Tipper
2762,Canter,Tipper Pick-Up
2763,Canter,Tipper Truck
2764,Canter,Tractor
2765,Canter,Trailer
2766,Canter,Truck
2767,Canter,Truck Mixer
2768,Canter,Truck With Box
2769,Canter,Truck With Crane
2770,Canter,Unknown
2771,Canter,Van
2772,Canter,Water Tanker
2773,Canter Fuso,Bus
2774,Canter Fuso,Freezer Pick-Up
2775,Canter Fuso,Pick-Up
2776,Canter Fuso,Pick-Up With Freezer Box
2777,Canter Fuso,Refrigerator Truck
2778,Canter Fuso,Truck
2779,Canter Fuso,Van
2780,Colt,Saloon
2781,Colt,Sedan
2782,Dlx Bus,Bus
2783,Dlx Bus,Mini Bus
2784,Eclipse,Coupe
2785,Eclipse,Sedan
2786,Eclipse Cross,SUV
2787,Fortis,Sedan
2788,Fuso,Crane
2789,Fuso,Freezer Van
2790,Fuso,Pick-Up
2791,Fuso,Recovery Truck
2792,Fuso,Refrigerator Truck
2793,Fuso,Tanker
2794,Fuso,Truck
2795,Fuso,Truck With Box
2796,Fuso,Truck With Crane
2797,Fuso,Van
2798,Fuso Recovery (Pick-Up),Recovery
2799,Fuso Rosa,Bus
2800,Fuso Rosa,Mini Bus
2801,Galant,Saloon
2802,Galant,Sedan
2803,Galant 2.4,Saloon
2804,Galant 2.4,Sedan
2805,Galant 3.8,Saloon
2806,Galant 3.8,Sedan
2807,Grandis,MPV
2808,Grandis,Unknown
2809,L 200,Unknown
2810,L200,Pick-Up Double Cab
2811,L200,Pick-Up Double Cabin
2812,L200,Pick-Up Single Cabin
2813,L200,Pick-Up With Cargo Body
2814,L300,Freezer Van
2815,L300,Mini Bus
2816,L300,Van
2817,L300 With Freezer,Pick/Up
2818,L300 With Freezer,Van With Refrigerator
2819,Lancer,Saloon
2820,Lancer Evolution,Saloon
2821,Lancer Evolution,Sedan
2822,Lancer Ex,Saloon
2823,Lancer Fortis,Saloon
2824,Lancer Fortis,Sedan
2825,Magna,Saloon
2826,Mirage,Saloon
2827,Mirage,Sedan
2828,Montero,SUV
2829,Montero Sport,SUV
2830,Nativa,SUV
2831,Outlander,SUV
2832,Pajero,SUV
2833,Pajero Io,Station
2834,Pajero Io,Station Wagon
2835,Pajero Io,SUV
2836,Pajero Sport,Station
2837,Pajero Sport,SUV
2838,Recovery+car Carrier,Car Recovery+Carrier
2839,Recovery+car Carrier,Others
2840,Rosa,Bus
2841,Rosa Bus,Unknown
2842,Space Wagon,Station
2843,Space Wagon,SUV
2844,Space Wagon,Van
2845,Tanker,Sewage Tanker
2846,Truck,Diesel Truck
2847,Aero 8,Coupe
2848,Plus 4,Convertible
2849,Roadster,Coupe
2850,V7 Ii,Mobike
2851,Brutale Dragster,Mobike
2852,2400,Pick-Up With Double Cabin
2853,350z,Convertible
2854,350z,Coupe
2855,370z,Convertible
2856,370z,Coupe
2857,Altima,Saloon
2858,Altima,Sedan
2859,Altima 2.5,Coupe
2860,Altima 2.5,Saloon
2861,Altima 3.5,Coupe
2862,Altima 3.5,Saloon
2863,Altima 3.5,Sedan
2864,Altima2.5,Saloon
2865,Altima2.5,Sedan
2866,Armada,SUV
2867,Blue Bird,Bus
2868,Blue Bird,Saloon
2869,Cabstar,Pick-Up
2870,Cedric,Saloon
2871,Cedric,Sedan
2872,Chaasis,Truck
2873,Civilian,Bus
2874,Civillian Bus,Bus
2875,Diesel Freezer,Refrigerator
2876,E25,Chiller Van
2877,E25,Freezer Van
2878,E25,MPV
2879,E25,Van
2880,Frontier,Pick-Up
2881,Gloria,Saloon
2882,Gtr,Coupe
2883,Gt-R,Saloon
2884,Hpv Van,MPV
2885,Hpv Van,Refrigerator Van
2886,Juke,Hatchback
2887,Juke,Unknown
2888,Ka24,Pick-Up
2889,Kicks,SUV
2890,Laurel,Saloon
2891,Leaf,Electric Car
2892,Maxima,Saloon
2893,Maxima,Sedan
2894,Maxima,Unknown
2895,Maxima,Van
2896,Micra,Hatchback
2897,Micra,Unknown
2898,Micro Bus,Mini Bus
2899,Mkd210lhhc,Truck
2900,Mkd210lhhc,Truck With Crane
2901,Mt,Pick-Up
2902,Murano,SUV
2903,Murano,Unknown
2904,Navara,Pick-Up Double Cabin
2905,Navara,Unknown
2906,Nu41h5,Diesel Truck
2907,Nu41h5,Pick-Up
2908,Nv350 Urvan,Mini Bus
2909,Pathfinder,SUV
2910,Patrol,SUV
2911,Patrol P/Up,SUV
2912,Primera,Saloon
2913,Qashqai,SUV
2914,Qashqai,Unknown
2915,Quest,SUV
2916,Rich,Pick-Up
2917,Rogue,SUV
2918,Sentra,Saloon
2919,Sentra,Sedan
2920,Skyline,Saloon
2921,Skyline,Sedan
2922,Stanza,Sedan
2923,Std,Coupe
2924,Std,Double Cabin P/Up
2925,Std,Pick-Up
2926,Sunny,Sedan
2927,Tadano,Wheel Loader
2928,Terrano 4wd,Station Wagon
2929,Tiida,Hatchback
2930,Titan,Pick-Up
2931,Truck,Oil Tanker
2932,Ud Truck,Tipper Truck
2933,Ud Truck,Truck
2934,Ud Truck,Truck Head
2935,Ud Truck,Truck With Crane
2936,Unknown,Pick Up
2937,Urvan,Freezer Van
2938,Urvan,Mini Bus
2939,Urvan,Panel Van
2940,Urvan,Van
2941,Van,Refrigerator Van
2942,Van 3s,Van
2943,Van 6s,Van
2944,Versa,Hatchback
2945,Versa,Saloon
2946,Versa,Sedan
2947,Versa,Unknown
2948,X Terra,SUV
2949,X Trail,SUV
2950,Xterra,SUV
2951,X-Terra,SUV
2952,X-Trail,SUV
2953,Yu 41,Pick-Up
2954,Yumsun,Station Wagon
2955,Yumsun,SUV
2956,Z 350,Coupe
2957,Z 350,Saloon
2958,Z 350,Sedan
2959,Z 350,Unknown
2960,Z 370,Coupe
2961,Zhengzhou,Double Cabin P/Up
2962,Zhengzhou,Pick-Up
2963,Zx,Coupe
2964,Antara,SUV
2965,Astra,Coupe
2966,Astra,Hatchback
2967,Astra,Saloon
2968,Astra,Sedan
2969,Astra Cosmo,Saloon
2970,Astra Cosmo,Sedan
2971,Astra Gtc,Coupe
2972,Astra Opc,Coupe
2973,Cascada,Convertible
2974,Cascada,Coupe
2975,Corsa,Coupe
2976,Corsa,Hatchback
2977,Corsa,Sedan
2978,Insignia,Sedan
2979,Meriva,Hatchback
2980,Mokka,SUV
2981,Mokka  X,SUV
2982,Zafira,Hatchback
2983,Zafira,MPV
2984,Zonda 760g,Coupe
2985,Zonda C8,Coupe
2986,Asphalt,Paver
2987,206,Cabriolet
2988,206,Coupe
2989,206,Hatchback
2990,206,Saloon
2991,206,Sedan
2992,207,Cabriolet
2993,207,Coupe
2994,207,Hatchback
2995,207,Saloon
2996,207,Sedan
2997,208,Hatchback
2998,208,Saloon
2999,208,Sedan
3000,301,Saloon
3001,301,Sedan
3002,306,Sedan
3003,307,Cabriolet
3004,307,Coupe
3005,307,Hatchback
3006,307,Saloon
3007,307,Sedan
3008,307,Station
3009,307,Unknown
3010,308,Cabriolet
3011,308,Hatchback
3012,308,Saloon
3013,308,Sedan
3014,406,Saloon
3015,407,Coupe
3016,407,Saloon
3017,407,Sedan
3018,407,Unknown
3019,408,Saloon
3020,408,Sedan
3021,508,Saloon
3022,508,Sedan
3023,607,Saloon
3024,607,Sedan
3025,2008,Hatchback
3026,2008,Station Wagon
3027,2008,SUV
3028,3008,SUV
3029,5008,MPV
3030,5008,Station Wagon
3031,5008,SUV
3032,170 C Van,MPV
3033,206 Cc,Coupe
3034,206 Cc,Unknown
3035,207 Cc,Coupe
3036,207 Rc,Coupe
3037,307 Cc,Coupe
3038,307 Cc,Sedan
3039,307 Sw,Estate
3040,307 Sw,Saloon
3041,308 Cc,Coupe
3042,308 Rcz,Coupe
3043,308 Sw,Saloon
3044,308 Sw,Sedan
3045,407 Coupe,Coupe
3046,Boxer,Mini Bus
3047,Boxer,Van
3048,Expert,Van
3049,Partner,Freezer Van
3050,Partner,MPV
3051,Partner,Panel Van
3052,Partner,Van
3053,Partner,Window Van
3054,Partner B9,MPV
3055,Partner Combi,MPV
3056,Rcz,Coupe
3057,Traveller,Van
3058,Ranger Rzr,Mobike
3059,Firebird,Coupe
3060,Solstice,Coupe
3061,Star Chief,Coupe
3062,911,Cabriolet
3063,911,Convertible
3064,911,Coupe
3065,918,Coupe
3066,918,Targa
3067,944,Coupe
3068,993,Coupe
3069,996,Coupe
3070,718 Boxster,Convertible
3071,718 Boxster,Coupe
3072,718 Cayman,Coupe
3073,911 Carrera 4s,Coupe
3074,911 Gt2 Rs,Coupe
3075,911 Gt3 Rs,Coupe
3076,911 Gts,Coupe
3077,911 Singer,Coupe
3078,911 Turbo,Coupe
3079,911 Turbo,Coupe\/Cabriolet
3080,911 Turbo,Saloon
3081,911 Turbo S,Coupe
3082,911 Turbo S,Saloon
3083,911t,Coupe
3084,918 Spyder,Coupe
3085,928 S,Coupe
3086,Boxster,Convertible
3087,Boxster,Coupe
3088,Boxster,Saloon
3089,Boxter,Coupe
3090,Boxter,Saloon
3091,Boxter,Sedan
3092,Boxter S,Coupe
3093,Boxter S,Station Wagon
3094,Carrera,Coupe
3095,Carrera,Saloon
3096,Carrera,Sedan
3097,Carrera Gt,Convertible
3098,Carrera Gt,Coupe
3099,Carrera Gt,Saloon
3100,Carrera Gt3,Coupe
3101,Carrera S,Coupe
3102,Carrera S2,Coupe
3103,Cayanne,Station
3104,Cayanne,Station Wagon
3105,Cayanne,SUV
3106,Cayenne,Coupe
3107,Cayenne,Station
3108,Cayenne,SUV
3109,Cayenne Gts,Station Wagon
3110,Cayenne Gts,SUV
3111,Cayenne S,SUV
3112,Cayenne S,Unknown
3113,Cayenne Turbo,SUV
3114,Cayman,Coupe
3115,Cayman,Saloon
3116,Cayman,Station Wagon
3117,Cayman 987,Coupe
3118,Gt3,Sedan
3119,Macan,Station Wagon
3120,Macan,SUV
3121,Macan S,Station Wagon
3122,Macan S,SUV
3123,Macan S,Unknown
3124,Panamera,Coupe
3125,Panamera,Saloon
3126,Panamera,Sedan
3127,Targa,Coupe
3128,Targa,Saloon
3129,Premier Padmini,Sedan
3130,Gen,Saloon
3131,Gen-2,Hatchback
3132,Persona,Saloon
3133,Persona,Sedan
3134,Saga,Sedan
3135,Wira,Sedan
3136,1500,Pick-Up
3137,2500,Pick-Up Double Cab
3138,4.2,SUV
3139,4.2,Unknown
3140,4.4,Station
3141,4.4,Station Wagon
3142,4.4,SUV
3143,4.6,SUV
3144,5,SUV
3145,5,SUV
3146,Autopiography,Station
3147,Autopiography,Station Wagon
3148,Autopiography,SUV
3149,Autopiography,Unknown
3150,Evoque,SUV
3151,Hse,SUV
3152,Sport,SUV
3153,V8,Station Wagon
3154,V8,SUV
3155,Vogue,SUV
3156,Vogue,Unknown
3157,Captur,Saloon
3158,Captur,SUV
3159,Clio,Hatchback
3160,Dokker,Coupe
3161,Dokker,Refrigerator Van
3162,Dokker,Van
3163,Duster,SUV
3164,Fluence,Saloon
3165,Fluence,Sedan
3166,K380,Truck
3167,Kangoo,MPV
3168,Kerax,Truck
3169,Koleos,SUV
3170,Koleos,Unknown
3171,Laguna,Coupe
3172,Laguna,Saloon
3173,Laguna,Sedan
3174,Logan,Panel Van
3175,Logan,Saloon
3176,Logan,Sedan
3177,Logan Van,Coupe
3178,Logan Van,MPV
3179,Logan Van,Pick-Up
3180,Master,Van
3181,Megane,Cabriolet
3182,Megane,Convertible
3183,Megane,Hatchback
3184,Megane,Saloon
3185,Megane,Sedan
3186,Megane Coupe,Coupe
3187,Safrane,Saloon
3188,Safrane,Sedan
3189,Safrane,Unknown
3190,Sandero,Hatchback
3191,Scenic,Sedan
3192,Symbol,Saloon
3193,Symbol,Sedan
3194,Talisman,Sedan
3195,Trafic,MPV
3196,Trafic,Panel Van
3197,Trafic,Van
3198,Twizy,Golf Car
3199,Bentley,Coupe
3200,Bentley,Saloon
3201,Bentley,Sedan
3202,Camargue,Sedan
3203,Corniche,Convertible
3204,Corniche,Sedan
3205,Dawn,Convertible
3206,Ghost,Saloon
3207,Ghost,Sedan
3208,Phantom,Convertible
3209,Phantom,Coupe
3210,Phantom,Saloon
3211,Phantom,Sedan
3212,Silver Shadow,Sedan
3213,Silver Spret,Saloon
3214,Silver Spret,Sedan
3215,Wraith,Coupe
3216,Wraith,Saloon
3217,Wraith,Sedan
3218,75,Sedan
3219,Bird Tbts,Mobike
3220,Bullet,Mobike
3221,Cla-Efi,Mobike
3222,Classic,Mobike
3223,Interceptor,Mobike
3224,D40,Crane
3225,93,Convertible
3226,93,Saloon
3227,3-Sep,Sedan
3228,93 Convertible,Coupe
3229,93 Sedan,Saloon
3230,9-7x,SUV
3231,Samsung Truck,Crane
3232,Sandvik,Excavator
3233,Sandvik,Truck
3234,Crawler Crane,Crane
3235,Stc,Mobile Crane
3236,Stc250,Wheel Crane
3237,Truck Crane,Truck With Crane
3238,G460,Truck
3239,P 360,Truck With Crane
3240,P410,Truck
3241,R124ga6x4nz,Trailer
3242,Tipper Trailer,Tipper Truck
3243,Tractor With Bulk Carrier,Tractor
3244,Truck,Gas Tanker
3245,Truck,Tipper Trailer
3246,Unit,Tipper Truck
3247,Unit,Truck Head
3248,Alhambra,Saloon
3249,Alte,Sedan
3250,Altea,Hatchback
3251,Altea,Saloon
3252,Altea,Sedan
3253,Cordoba,Sedan
3254,Cordoba - Saloon,Sedan
3255,Exeo,Sedan
3256,Ibiza,Hatchback
3257,Ibiza,Saloon
3258,Ibiza,Sedan
3259,Leon,Hatchback
3260,Leon,Saloon
3261,Leon,Sedan
3262,Toledo,Hatchback
3263,Sd22d,Roller
3264,Sd22d,Shovel
3265,Sf30,Forklift
3266,Sly Bus,Bus
3267,Db 4000,Concrete Mixer
3268,Fabia,Estate
3269,Fabia,Hatchback
3270,Fabia,Saloon
3271,Fabia,Sedan
3272,Octavia,Saloon
3273,Rapid,Sedan
3274,Superb,Estate
3275,Superb,Hatchback
3276,Yeti,Station Wagon
3277,Yeti,SUV
3278,Fortwo,Coupe
3279,Actyon,Pick-Up
3280,Chairman,Saloon
3281,Korando,SUV
3282,Korando 4wd.,Jeep
3283,Korando 4wd.,Station Wagon
3284,Korando 4wd.,SUV
3285,Kyron,Station
3286,Kyron,Station Wagon
3287,Kyron,SUV
3288,Rexton,Saloon
3289,Rexton,Station Wagon
3290,Rexton,SUV
3291,Rodius,Van
3292,Tivoli,SUV
3293,Vp2400,Roller
3294,Forkllift,Fork Lift
3295,Rx20-20,Electric Forklift
3296,Brz,Coupe
3297,Forester,Saloon
3298,Forester,Station Wagon
3299,Forester,SUV
3300,Impreaza Turbo,Saloon
3301,Impreaza Turbo,Sedan
3302,Impreza,Hatchback
3303,Impreza,Saloon
3304,Impreza,Sedan
3305,Legacy,Coupe
3306,Legacy,Saloon
3307,Legacy,Sedan
3308,Outback,Saloon
3309,Tribeca,SUV
3310,Wrx,Sedan
3311,Wrx Sti,Sedan
3312,Xv,SUV
3313,Alto,Hatchback
3314,Alto,Saloon
3315,Apv,Freezer Van
3316,Apv,Heavy Van
3317,Apv,MPV
3318,Apv,Panel Van
3319,Apv,Van
3320,Apv Glxat,Station Wagon
3321,Apv Glxat,SUV
3322,Baleno,Hatchback
3323,Balino,Sedan
3324,Carry Wagon,Pick-Up
3325,Carry Wagon,Van
3326,Celerio,Hatchback
3327,Celerio,Saloon
3328,Celerio,Sedan
3329,Ciaz,Sedan
3330,Ertiga,MPV
3331,Grand Vitara,SUV
3332,Gsx 150d,Mobike
3333,Gsx R1000l0,Mobike
3334,Gsx R600,Mobike
3335,Gsx1300,Mobike
3336,Gsx-R750 Lo,Mobike
3337,Ignis,Hatchback
3338,Jimny,Station
3339,Jimny,Station Wagon
3340,Jimny,SUV
3341,Jimny,Unknown
3342,Kizashi,Sedan
3343,Liana,Sedan
3344,Samurai,SUV
3345,Swift,Hatchback
3346,Swift Dzire,Sedan
3347,Sx4,Hatchback
3348,Sx4,Saloon
3349,Sx4,Sedan
3350,Vitara,Station
3351,Vitara,Station Wagon
3352,Vitara,SUV
3353,Vzr 1800,Mobike
3354,Xl7,Station
3355,Xl7,Station Wagon
3356,Xl7,SUV
3357,Tvr 420 Se,Saloon
3358,Crane,Others
3359,Crane 500 Ex,Crane
3360,Tr250,Sedan
3361,Truck Crane Tl250-M,Crane
3362,Truck/Crane Tl300-E,Mobile Crane
3363,Fire Fighting Water Tanker,Tanker
3364,Tanker,Cement Tanker
3365,Tanker,Fuel Tanker
3366,Tanker,Gas Tanker
3367,Tanker,Oil Tanker
3368,Tanker,Trailer
3369,163,Bus
3370,613,Bus
3371,Daewoo K6e6f,Sewarage Tanker
3372,Daewoo K6e6f,Trailer
3373,Daewoo K6e6f,Truck
3374,Daewoo Tractor,Truck Head With Trailer
3375,Daewoo Truck,Tanker
3376,Daewoo Truck,Tipper Truck
3377,Daewoo Truck,Trailer
3378,Daewoo Truck,Trailer Head
3379,Daewoo Truck,Truck Head
3380,Lp 613,Bus
3381,Lp 613/38,Bus
3382,Lp 613/38,Coupe
3383,Lp 613/38,Tipper Truck
3384,Lpo,Bus
3385,Lpo,Unknown
3386,Prima 4438,Truck Head
3387,S.Cabin P/Up,Pick-Up
3388,S.Cabin P/Up,Tipper Truck
3389,Tata 608 P/Up,Pick-Up
3390,Tatra Truck,Trailer Flat
3391,Telecoline P/Up,Pick-Up
3392,Xenon,Pick-Up
3393,Xenon31,Coupe
3394,Xenon31,Double Cabin P/Up
3395,Xenon31,Pick-Up
3396,Fork Lift,Others
3397,Road Sweeper,Sweeper
3398,Ct 1800 S,Mobike
3399,Truck,Dumper
3400,Jumbo,Forklift Wheel
3401,Model S,Hatchback
3402,Model S,Saloon
3403,Model S,Sedan
3404,Model X,SUV
3405,Bk96,Mobike
3406,High Bed,Flat Bed Trailer
3407,Asphalt,Finisher
3408,Sl Finisher,Finisher
3409,Sl Finisher,Pick-Up
3410,Sl Finisher,SUV
3411,86,Coupe
3412,4 Runner,Station Wagon
3413,4 Runner,SUV
3414,4 Runner,Unknown
3415,62 8fd30,Forklift
3416,86 Coupe,Coupe
3417,Alphard,MPV
3418,Alphard,Station Wagon
3419,Aurion,Saloon
3420,Aurion,Sedan
3421,Avalon,Saloon
3422,Avalon,Sedan
3423,Avanza,MPV
3424,Avanza,Unknown
3425,Camry,Saloon
3426,Celica,Coupe
3427,Celica,Sedan
3428,Century,Sedan
3429,Coaster,Bus
3430,Coaster,Heavy Bus
3431,Coaster,Mini Bus
3432,Corolla,Sedan
3433,Corona,Saloon
3434,Cressida,Saloon
3435,Cressida,Sedan
3436,Cressida,Station Wagon
3437,Crown,Saloon
3438,Crown,Sedan
3439,Dyna,Pick-Up
3440,Echo,Hatchback
3441,Echo,Saloon
3442,Echo,Sedan
3443,Fj Cruiser,SUV
3444,Fortuner,SUV
3445,Freezer,Van With Refrigerator
3446,Hiace,Ambulance
3447,Hiace,Chiller Van
3448,Hiace,Freezer Van
3449,Hiace,Mini Bus
3450,Hiace,MPV
3451,Hiace,Panel Van
3452,Hiace,Van
3453,Highlander,Station
3454,Highlander,SUV
3455,Hilux,Freezer Pick-Up
3456,Hilux,Pick-Up
3457,Hilux,Pick-Up Double Cabin
3458,Hilux,Pick-Up Single Cabin
3459,Hilux,Unknown
3460,Hilux P/Up,Pick-Up
3461,Innova,MPV
3462,Iq,Hatchback
3463,Land Cruiser,Pick-Up
3464,Land Cruiser,Pick-Up Double Cabin
3465,Land Cruiser,Station Wagon
3466,Land Cruiser,SUV
3467,Land Cruiser 70,SUV
3468,Land Cruiser P/Up,Pick-Up
3469,Land Cruiser Prado,Jeep
3470,Land Cruiser Prado,Station Wagon
3471,Land Cruiser Prado,SUV
3472,Land Cruiser Prado,Unknown
3473,Prado,SUV
3474,Previa,MPV
3475,Previa,Unknown
3476,Prius,Hatchback
3477,Rav 4,SUV
3478,Rav4,SUV
3479,Rush,SUV
3480,Sequoia,Saloon
3481,Sequoia,Station Wagon
3482,Sequoia,SUV
3483,Sienna,SUV
3484,Solara,Coupe
3485,Surf,Station
3486,Tacoma,Pick-Up
3487,Tercel,Saloon
3488,Tercel,Sedan
3489,Tundra,Pick-Up
3490,Tundra,Pick-Up Double Cabin
3491,Tundra,Unknown
3492,Venza,SUV
3493,Xa,Hatchback
3494,Xa,Saloon
3495,Xa,Sedan
3496,Yaris,Hatchback
3497,Yaris,Saloon
3498,Yaris,Sedan
3499,Zelas,Coupe
3500,Zelas,Saloon
3501,Pipelayer,Pick-Up
3502,20 Ft,Mobile Workshop
3503,20 Ft,Trailer
3504,20 Ft,Trailer Flat
3505,40 Ft,Trailer
3506,40 Ft,Trailer Head
3507,Ast 453,Trailer
3508,Bulk Box,Trailer
3509,Flat Bed,Cement Tanker
3510,Flat Bed,Crusher
3511,Flat Bed,Flat Bed Trailer
3512,Flat Bed,Tipper Trailer
3513,Flat Bed,Tipper Truck
3514,Flat Bed,Trailer
3515,Flat Bed,Trailer Flat
3516,Flat Bed,Trailer With Crane
3517,Lowbed,Trailer
3518,Oil Tanker,Fule Tanker
3519,Oil Tanker,Oil Tanker
3520,Tipper Box,Tipper
3521,Tipper Box,Trailer
3522,Mark 1,Bus
3523,Daytona 675,Mobike
3524,Scram,Mobike
3525,Thruxton,Mobike
3526,Tr3,Saloon
3527,Herald,Sedan
3528,Apache,Mobike
3529,Unknown,Unknown
3530,Shkp50,Loader
3531,Trencher T955iii,Pick/Up
3532,Trencher T955iii,Truck
3533,Freezer Pick Up,Refrigerator
3534,Panel Van,Freezer Van
3535,Gts 300,Scooter
3536,Gts Super,Mobike
3537,Paywelder,Pay Welder
3538,Road Paver,Road Paver
3539,Amarok,Pick-Up
3540,Baywindow,Van
3541,Beetle,Convertible
3542,Beetle,Coupe
3543,Beetle,Hatchback
3544,Beetle,Unknown
3545,Beettle,Coupe
3546,Beettle,Saloon
3547,Beettle,Sedan
3548,Bora,Saloon
3549,Bora,Sedan
3550,Caddy,MPV
3551,Caddy,Unknown
3552,Caddy Kombi,MPV
3553,Caravelle,Van
3554,Cc,Coupe
3555,Cc,Saloon
3556,Cc,Sedan
3557,Combi,Mini Bus
3558,Combi,MPV
3559,Combi,Pick/Up
3560,Crafter,Ambulance
3561,Crafter,MPV
3562,Crafter,Van
3563,Eos,Convertible
3564,Eos,Coupe
3565,Eos Conv,Coupe
3566,Golf,Hatchback
3567,Golf,Unknown
3568,Golf Gti,Hatchback
3569,Golf Gti,Saloon
3570,Golf Gti,Sedan
3571,Golf Gti,Unknown
3572,Golf Plus,Hatchback
3573,Golf R,Hatchback
3574,Golf R,Saloon
3575,Golf R32,Hatchback
3576,Golf R32,Saloon
3577,Golf R32,Sedan
3578,Jetta,Saloon
3579,Jetta,Sedan
3580,Lt 46 Van,MPV
3581,Lt 46 Van,Van
3582,M.P.V,MPV
3583,M.P.V,Pick-Up
3584,Multi Van (S/W),MPV
3585,Multi Van (S/W),Station Wagon
3586,Multi Van (S/W),Van
3587,Multivan,MPV
3588,Passat,Coupe
3589,Passat,Saloon
3590,Passat,Sedan
3591,Passat Cc,Saloon
3592,Passat Cc,Sedan
3593,Phaeton,Sedan
3594,Polo,Hatchback
3595,Polo,Saloon
3596,Polo,Sedan
3597,Routan,Sedan
3598,Scirocco,Coupe
3599,Scirocco,Hatchback
3600,Scirocco,Sedan
3601,Space Fox,Sedan
3602,T 4,P/Up With Box
3603,T6 Transporter,Van
3604,Tiguan,SUV
3605,Tiguan,Unknown
3606,Touareg,SUV
3607,Touareg,Unknown
3608,Touran,Station
3609,Touran,SUV
3610,Transporter,Freezer Van
3611,Transporter,MPV
3612,Transporter,Panel Van
3613,Transporter,Van
3614,Vento,Sedan
3615,850,Saloon
3616,B7r,Bus
3617,Backhoe,Backhoe Loader
3618,Bl 61,Shovel
3619,Bl 61,Shovel Execavator
3620,C 30,Coupe
3621,C30,Hatchback
3622,C30,Saloon
3623,C70,Cabriolet
3624,C70,Convertible
3625,C70,Coupe
3626,C70,Saloon
3627,F 16,Trailer
3628,F L 6,Truck
3629,F10,Trailer
3630,F10,Truck
3631,F12,Tipper Trailer
3632,F12,Trailer
3633,F12,Truck
3634,F12,Truck With Crane
3635,Fh 10,Trailer
3636,Fh 400,Trailer
3637,Fh 400,Truck
3638,Fh 420,Trailer
3639,Fh 460,Truck
3640,Fh12,Cement Tanker
3641,Fh12,Flat Bed Trailer
3642,Fh12,Sewage Tanker
3643,Fh12,Tanker
3644,Fh12,Tipper Truck
3645,Fh12,Tractor
3646,Fh12,Trailer
3647,Fh12,Trailer Head
3648,Fh12,Trailer With Crane
3649,Fh12,Truck
3650,Fh12,Truck Head
3651,Fh12,Truck With Crane
3652,Fh440,Coupe
3653,Fh440,Heavy Truck
3654,Fh440,Tipper Trailer
3655,Fh440,Tipper Truck
3656,Fh440,Trailer
3657,Fh440,Trailer Head
3658,Fh440,Trailer Truck
3659,Fh440,Trailer With Crane
3660,Fh440,Truck
3661,Fh440,Truck Head With Trailer
3662,Fh440(6x4),Tanker
3663,Fh440(6x4),Tipper/Trailer
3664,Fh440(6x4),Tractor
3665,Fh440(6x4),Tractor Head
3666,Fh440(6x4),Trailer
3667,Fh440(6x4),Trailer Head
3668,Fh440(6x4),Trailer With Crane
3669,Fh440(6x4),Truck
3670,Fh440(6x4),Truck Head
3671,Fl 10,Trailer
3672,Fl 10,Trailer Flat
3673,Fl 10,Truck With Crane
3674,Fm 10,Truck
3675,Fm400,Diesel Tanker
3676,Fm400,Gas Tanker
3677,Fm400,Truck Head
3678,Fm400,Truck Head With Trailer
3679,L 120 E,Wheel Loader
3680,L 150 Wheel Loader,Wheel Loader
3681,Loader,Wheel Loader
3682,N 10 Tipper Truck,Tipper Truck
3683,Nl 12,Oil Tanker
3684,S 40,Sedan
3685,S 40,Unknown
3686,S 60,Saloon
3687,S 60,Sedan
3688,S 80,Sedan
3689,S 90,Sedan
3690,S40,Saloon
3691,S80,Saloon
3692,Sd100 Cd,Roller
3693,Truck,Recovery Truck
3694,Truck With Fuel Tanker,Truck  With Tail Lift
3695,V 70,Station Wagon
3696,V 70,SUV
3697,V40,Hatchback
3698,V40,SUV
3699,V60,Estate
3700,V70,Estate
3701,V70,Sedan
3702,V90,Estate
3703,Xc 60,Saloon
3704,Xc 60,Station Wagon
3705,Xc 60,SUV
3706,Xc 70,Sedan
3707,Xc40,SUV
3708,Xc70,Estate
3709,Xc70,Saloon
3710,Xc90,SUV
3711,3742 Ss,Truck
3712,Western Star,Truck
3713,Western Star,Water Tanker
3714,Milling Machine,Asphalt
3715,Milling Machine,Saloon
3716,Fdg6810c,Bus
3717,100,Mobike
3718,Fz-16,Mobike
3719,Fz1-S,Mobike
3720,Fz1-S,Sedan
3721,Mt-07,Mobike
3722,Sr 250,Mobike
3723,Sz150,Mobike
3724,Sz16r,Mobike
3725,Yzf-R1,Mobike
3726,Yzf-R6,Mobike
3727,Sr,Mobike Electric
3728,Yumsun,Mini Van
3729,Zna 2.4 Sc,Pick-Up
