id,VehicleMake,VehicleModel
1,3T,Trailer
2,Actors,Truck
3,Acura,Nsx
4,Agriculture,Tractor
5,Al Jazeera,Sewage Tanker
6,Al Shirawi,Tanker Trailer
7,Albert,E850
8,Alfa Romeo,145
9,Alfa Romeo,156
10,Alfa Romeo,159
11,Alfa Romeo,4c
12,Alfa Romeo,8c
13,Alfa Romeo,Brera
14,Alfa Romeo,Giulietta
15,Alfa Romeo,Gt
16,Alfa Romeo,Mito
17,Alfa Romeo,Spider
18,Alfa Romeo,Unknown
19,Ammann,Arx 23
20,Ammann,Asc 100
21,Angrsol,Well Excavator
22,Aprilia,Motor Cycle
23,Ariel,Atom
24,Ashok Leyland,Avia D756 P/Up
25,Ashok Leyland,Eagle
26,Ashok Leyland,Falcon
27,Ashok Leyland,Oyster
28,Ashok Leyland,Pick-Up
29,Ashok Leyland,Truck
30,Ashok Leyland,Viking Bus
31,Ashok Leyland,Wb 222
32,Aston Martin,Db7
33,Aston Martin,Db9
34,Aston Martin,Dbs
35,Aston Martin,Dbs Superleggera
36,Aston Martin,Lagonda
37,Aston Martin,One 77
38,Aston Martin,Rapide
39,Aston Martin,Rapide S
40,Aston Martin,Unknown
41,Aston Martin,V12 Vantage
42,Aston Martin,Vanguish
43,Aston Martin,Vanquish
44,Aston Martin,Vantage
45,Aston Martin,Vantage Roadster
46,Astra,Truck
47,Atlas,Copco
48,Atlas,Excavator
49,Atlas,Flat Bed Semi Trailer
50,Atlas,Tanker Trailer
51,Atlas,Tipper Trailer
52,Atlas,Vehicle Trailer
53,Audi,100
54,Audi,A1
55,Audi,A3
56,Audi,A4
57,Audi,A5
58,Audi,A5 Sportback
59,Audi,A6
60,Audi,A7
61,Audi,A8
62,Audi,A8l
63,Audi,Q3
64,Audi,Q5
65,Audi,Q7
66,Audi,R8
67,Audi,R8 Spyder
68,Audi,Rs 6
69,Audi,Rs3
70,Audi,Rs4
71,Audi,Rs5
72,Audi,Rs6
73,Audi,Rs7
74,Audi,Rsq3
75,Audi,S3
76,Audi,S4
77,Audi,S5
78,Audi,S6
79,Audi,S7
80,Audi,S8
81,Audi,Sq5
82,Audi,Tt
83,Audi,Tt Roadster
84,Audi,Tts Roadster
85,Audi,Unknown
86,Ausa,Dumber
87,Awm,Forklift
88,Bac,Mono
89,Baic,A115
90,Bajaj,135cc
91,Bajaj,200cc
92,Bajaj,220 Cc
93,Bajaj,Avenger
94,Bajaj,Cc 125
95,Bajaj,Cc 150
96,Bajaj,Cc 180
97,Bajaj,Motor Cycle
98,Bajaj,Pulsar
99,Baoli,Forklift
100,Bauer,Drilling Rig
101,Bedford,Driller
102,Bedford,Pick Up
103,Bedford,Service Truck
104,Bedford,Truck
105,Bedford,Water Tanker
106,Bei Ben,1936 S
107,Bell,B40d
108,Bentley,Arnage
109,Bentley,Arnage R
110,Bentley,Azure
111,Bentley,Bentayga
112,Bentley,Brooklands
113,Bentley,Continental
114,Bentley,Continental Flying Spur
115,Bentley,Continental Gt
116,Bentley,Continental Gt Speed
117,Bentley,Continental Gtc
118,Bentley,Continental Supersports
119,Bentley,Flying Spur
120,Bentley,Flying Spur Speed
121,Bentley,Mulsanne
122,Bentley,Turbo R
123,Big Bear Athena Chopper,Chopper
124,Blue Bird,Dental Mobile
125,Bmw,116
126,Bmw,318
127,Bmw,320
128,Bmw,325
129,Bmw,328
130,Bmw,520
131,Bmw,523
132,Bmw,525
133,Bmw,528
134,Bmw,530
135,Bmw,535
136,Bmw,540
137,Bmw,545
138,Bmw,728
139,Bmw,730
140,Bmw,735
141,Bmw,745
142,Bmw,750
143,Bmw,850
144,Bmw,116i
145,Bmw,118i
146,Bmw,120 I
147,Bmw,120i
148,Bmw,125 Ci
149,Bmw,125i
150,Bmw,128i
151,Bmw,130 I
152,Bmw,130i
153,Bmw,135 I
154,Bmw,135i
155,Bmw,1m
156,Bmw,218i Active Tourer
157,Bmw,220i
158,Bmw,225i
159,Bmw,228i
160,Bmw,230i
161,Bmw,235i
162,Bmw,316 I
163,Bmw,316i
164,Bmw,318 Ci
165,Bmw,318 Ia
166,Bmw,318ci
167,Bmw,318i
168,Bmw,320 I
169,Bmw,320 Ia
170,Bmw,320ci
171,Bmw,320i
172,Bmw,323i
173,Bmw,325ci
174,Bmw,325i
175,Bmw,328ci
176,Bmw,328i
177,Bmw,328li
178,Bmw,330ci
179,Bmw,330i
180,Bmw,330li
181,Bmw,335 X I
182,Bmw,335ci
183,Bmw,335i
184,Bmw,340i
185,Bmw,420i
186,Bmw,420i Gran Coupe
187,Bmw,428i
188,Bmw,428i Gran Coupe
189,Bmw,430i
190,Bmw,430i Gran Coupe
191,Bmw,435 I
192,Bmw,435i
193,Bmw,435i Gran Coupe
194,Bmw,440i
195,Bmw,440i Gran Coupe
196,Bmw,5 Series Gt
197,Bmw,520 Ia
198,Bmw,520i
199,Bmw,523i
200,Bmw,523ia
201,Bmw,525 I
202,Bmw,525 Ia
203,Bmw,525i
204,Bmw,528i
205,Bmw,530 I
206,Bmw,530i
207,Bmw,530i Limousine
208,Bmw,530li
209,Bmw,535i
210,Bmw,535i Gt
211,Bmw,540i
212,Bmw,550i
213,Bmw,550ia
214,Bmw,630ci
215,Bmw,630i
216,Bmw,635 Csi
217,Bmw,635i
218,Bmw,640 I Grand Coupe
219,Bmw,640i
220,Bmw,640i Gran Coupe
221,Bmw,645ci
222,Bmw,645i
223,Bmw,650ci
224,Bmw,650i
225,Bmw,650i Cabrio
226,Bmw,650i Gran Coupe
227,Bmw,728il
228,Bmw,728li
229,Bmw,730 Li
230,Bmw,730i
231,Bmw,730li
232,Bmw,733i
233,Bmw,735i
234,Bmw,735li
235,Bmw,740 Il
236,Bmw,740i
237,Bmw,740li
238,Bmw,745i
239,Bmw,745li
240,Bmw,750 Ial
241,Bmw,750i
242,Bmw,750li
243,Bmw,760li
244,Bmw,Alpina
245,Bmw,Alpina B10
246,Bmw,Alpina B6
247,Bmw,B3
248,Bmw,Bmw  C I320
249,Bmw,F 800 Gs
250,Bmw,Gran Coupe 640i
251,Bmw,Gran Coupe 650i
252,Bmw,I8
253,Bmw,M1
254,Bmw,M2
255,Bmw,M235i
256,Bmw,M240i
257,Bmw,M3
258,Bmw,M4
259,Bmw,M5
260,Bmw,M5touring
261,Bmw,M6
262,Bmw,M6 Gran Coupe
263,Bmw,M850i
264,Bmw,Motor Cycle
265,Bmw,R 1250
266,Bmw,R Nine T
267,Bmw,S 1000 R
268,Bmw,S 1000 Rr
269,Bmw,Unknown
270,Bmw,X 5
271,Bmw,X1
272,Bmw,X3
273,Bmw,X4
274,Bmw,X5
275,Bmw,X6
276,Bmw,X6 50
277,Bmw,X7
278,Bmw,Z3
279,Bmw,Z3 Roadster
280,Bmw,Z4
281,Bmw,Z4m
282,Bmw,Z8
283,Bobcat,Excavator
284,Bobcat,Loader
285,Bobcat,Loader 751
286,Bobcat,S130
287,Bobcat,S150 Loader
288,Bobcat,S450
289,Bobcat,S510
290,Bobcat,Shovel
291,Bobcat,Skidsteer
292,Bobcat,Tl400 Forklift
293,Bobcat,Wheel Loader
294,Bomag,Roller
295,Bomag,Roller Bw20r
296,Bonluck,Jxk611
297,Borgward,Bx5
298,Brilliance,Frv Cross
299,Brilliance,Fsv
300,Brilliance,H530
301,Brilliance,V5
302,Bugatti,Bugatti
303,Bugatti,Chiron
304,Buick,Le-Sabre
305,Buick,Road Master
306,Cadillac,Ats
307,Cadillac,Ats-V
308,Cadillac,Bls
309,Cadillac,Brougham
310,Cadillac,Classic Tiffany
311,Cadillac,Ct6
312,Cadillac,Cts
313,Cadillac,Cts Coupe
314,Cadillac,Cts-V
315,Cadillac,Deville
316,Cadillac,Dts
317,Cadillac,Eldeora
318,Cadillac,Eldorado
319,Cadillac,Escalade
320,Cadillac,Escalade Esv
321,Cadillac,Escalade Ext
322,Cadillac,Fleetwood
323,Cadillac,Sls
324,Cadillac,Srx
325,Cadillac,Sts
326,Cadillac,Sts-V
327,Cadillac,Xt4
328,Cadillac,Xt5
329,Cadillac,Xts
330,Can-Am Spyder,Motor Cycle
331,Casagrande,Excavator
332,Case,570t
333,Case,Backhoe Loader
334,Case,Case
335,Case,Loader
336,Case,Shovel
337,Case,Skid Loader
338,Case,Tractor
339,Case,Wheel Loader
340,Cat,Bachoe Loader
341,Cat,Bulldozer
342,Cat,Excavator
343,Cat,Forklift
344,Cat,Grader
345,Cat,Roller
346,Cat,Scraper
347,Cat,Shovel
348,Cat,Skidsteer
349,Cat,Wheel Loader
350,Cat Wheel,Loader
351,Caterham,Super
352,Caterpillar,216
353,Caterpillar,980
354,Caterpillar,140 G
355,Caterpillar,14h Grader
356,Caterpillar,216 B
357,Caterpillar,216 B3
358,Caterpillar,226 B
359,Caterpillar,320bl
360,Caterpillar,330 Cl
361,Caterpillar,330d
362,Caterpillar,424z
363,Caterpillar,930 H
364,Caterpillar,950 G
365,Caterpillar,950 Shovel
366,Caterpillar,950b
367,Caterpillar,950h
368,Caterpillar,966f/Ii
369,Caterpillar,Baby Loader
370,Caterpillar,Backhoe
371,Caterpillar,Backhoe Loader
372,Caterpillar,Bulldozer
373,Caterpillar,Bulldozer D8r
374,Caterpillar,Compactor
375,Caterpillar,Crane
376,Caterpillar,D8r
377,Caterpillar,D9r
378,Caterpillar,Dozer
379,Caterpillar,Dp 30 Nt
380,Caterpillar,Dp 50 Cnt
381,Caterpillar,Drilling Rig
382,Caterpillar,Dumper
383,Caterpillar,Dumper Truck
384,Caterpillar,Excavator
385,Caterpillar,F 938
386,Caterpillar,F 950
387,Caterpillar,Forklift
388,Caterpillar,Grader
389,Caterpillar,Loader
390,Caterpillar,M 594 C
391,Caterpillar,Roller
392,Caterpillar,Scraper
393,Caterpillar,Shovel
394,Caterpillar,Shovel 966
395,Caterpillar,Skid Steer
396,Caterpillar,Skid Steer Loader
397,Caterpillar,Telehandler
398,Caterpillar,Th417c
399,Caterpillar,Th580b
400,Caterpillar,Tipper
401,Caterpillar,Truck
402,Caterpillar,Wheel Loader
403,Changan,5028sc
404,Changan,Cs35
405,Changan,Cs75
406,Changan,Eado
407,Changan,Unknown
408,Chery,E5
409,Chery,H13
410,Chery,P5
411,Chery,Qq
412,Chery,Tiggo
413,Chery,Tiggo 5
414,Chevrolet,1500 Express
415,Chevrolet,3500 D
416,Chevrolet,Ambulance
417,Chevrolet,Ampala
418,Chevrolet,Astro
419,Chevrolet,Avalanche
420,Chevrolet,Aveo
421,Chevrolet,Aveo-5
422,Chevrolet,Blazer
423,Chevrolet,Bolt Ev
424,Chevrolet,Camaro
425,Chevrolet,Caprice
426,Chevrolet,Caprice Ls
427,Chevrolet,Caprice Ltz
428,Chevrolet,Caprice Royal
429,Chevrolet,Caprice Ss
430,Chevrolet,Captiva
431,Chevrolet,Cavaliar
432,Chevrolet,Cavalier
433,Chevrolet,Chevy
434,Chevrolet,Colorado
435,Chevrolet,Corvette
436,Chevrolet,Corvette Convertible
437,Chevrolet,Corvette Stingray
438,Chevrolet,Cruze
439,Chevrolet,Cruze Lt
440,Chevrolet,Csv
441,Chevrolet,Csv Cr8
442,Chevrolet,Epica
443,Chevrolet,Equinox
444,Chevrolet,Express
445,Chevrolet,G Van
446,Chevrolet,Impala
447,Chevrolet,Impala Ltz
448,Chevrolet,Lumina
449,Chevrolet,Lumina Coupe
450,Chevrolet,Lumina Csv Cr8
451,Chevrolet,Lumina Ls
452,Chevrolet,Lumina Ltz
453,Chevrolet,Lumina S
454,Chevrolet,Lumina Ss
455,Chevrolet,Luv P/Up
456,Chevrolet,Malibu
457,Chevrolet,N300
458,Chevrolet,Optra
459,Chevrolet,S 10
460,Chevrolet,Savanah
461,Chevrolet,Silvarado
462,Chevrolet,Silvardo
463,Chevrolet,Silverado
464,Chevrolet,Sonic
465,Chevrolet,Spark
466,Chevrolet,Ssr
467,Chevrolet,Step
468,Chevrolet,Suburban
469,Chevrolet,Tahoe
470,Chevrolet,Tahoe 4x4
471,Chevrolet,Trailblazer
472,Chevrolet,Traverse
473,Chevrolet,Traverse 2lt
474,Chevrolet,Traverse L.S.
475,Chevrolet,Traverse Ltz
476,Chevrolet,Trax
477,Chevrolet,Unknown
478,Chevrolet,Uplander
479,Chevrolet,Venture
480,Chevrolet,Work Tk
481,Chrysler,200
482,Chrysler,200c
483,Chrysler,300 C
484,Chrysler,300 Srt8
485,Chrysler,300c
486,Chrysler,Crossfire
487,Chrysler,Grand Voyager
488,Chrysler,Neon
489,Chrysler,Pt Cruiser
490,Chrysler,Sebring
491,Chrysler,Sebring Le
492,Chrysler,Sebring Sedan
493,Chrysler,Town County
494,Chrysler,Voyager
495,Citroen,Berlingo
496,Citroen,C 4
497,Citroen,C 5 Tourer
498,Citroen,C4
499,Citroen,C5
500,Citroen,C-Elysee
501,Citroen,Ds3
502,Citroen,Ds5
503,Citroen,Xantia
504,Clark,Forklift
505,Clark,Michigan Loader
506,Cmc,Veryca
507,Cmc,Veryca Mini
508,Cmc,Z7
509,Combilift,Fork Lift
510,Conqueror,Companion
511,Crawler,Excavator
512,D A F,Trailer
513,Daewoo,Bf 105
514,Daewoo,Bf106
515,Daewoo,Bh 116
516,Daewoo,Bs090
517,Daewoo,Bs105
518,Daewoo,Bs106
519,Daewoo,Forklift
520,Daewoo,K6e6f
521,Daewoo,Lanos
522,Daewoo,Leganza Sx
523,Daewoo,Loader
524,Daewoo,M2s6f
525,Daewoo,Racer
526,Daewoo,Sxc6720g
527,Daewoo,Tractor
528,Daewoo,Trailer
529,Daewoo,Truck
530,Daewoo,V3tvf
531,Daewoo,Water Tanker
532,Daihatsu,1000
533,Daihatsu,Charade
534,Daihatsu,Delta
535,Daihatsu,Delta Tipper
536,Daihatsu,Feroza
537,Daihatsu,Gran Max
538,Daihatsu,Gran Move S/W.
539,Daihatsu,Grand Max
540,Daihatsu,Jeep
541,Daihatsu,Materia
542,Daihatsu,Rocky Jeep
543,Daihatsu,Sirion
544,Daihatsu,Terios
545,Daihatsu,Terrios
546,Daihatsu,Yrv
547,Dalian,Fork Lift
548,Datsun,Sky Line
549,Deere,Gator
550,Demag,Crane
551,Demag,Df140 Power
552,Dfsk,C32
553,Dfsk,C35
554,Dieci,Dumper
555,Dieci,Icarus 40.17
556,Dieci,Telehandler
557,Dodge,Avenger
558,Dodge,Caliber
559,Dodge,Caravan
560,Dodge,Challenger
561,Dodge,Charger
562,Dodge,Dart
563,Dodge,Durango
564,Dodge,Grand
565,Dodge,Neon
566,Dodge,Nitro
567,Dodge,Nitro Rt
568,Dodge,Ram
569,Dodge,Viper
570,Dong Feng,Pick-Up
571,Doosan,D30s-5
572,Doosan,Excavator
573,Doosan,Fork Lift
574,Dosan,Fork Lift
575,Ducati,Motor Cycle
576,Dulevo,850
577,Dumper,Dumper
578,Dynapac,Ca250
579,Dynapac,Road Roller
580,Dynapac,Roller
581,Dynapac,Vibratory Roller
582,E P,Fork Lift
583,Eicher,Cruiser
584,Eicher,Heavy Bus
585,Eicher,Pick-Up
586,Eicher,S. Cabin P/Up
587,Eicher,Skyline
588,Eicher,Starline
589,Eicher,Truck
590,Escorts,Hydra
591,Euro,Truck
592,Falcon,Bus
593,Fantuzzi,Sf50
594,Faun,Crane
595,Faun,Mobile Crane
596,Faw,Excavator
597,Faw,Truck
598,Ferrari,348
599,Ferrari,360
600,Ferrari,458
601,Ferrari,488
602,Ferrari,512
603,Ferrari,599
604,Ferrari,612
605,Ferrari,348 Tb
606,Ferrari,355 Gts
607,Ferrari,360 Modena
608,Ferrari,360 Modena F1
609,Ferrari,430 Scuderia
610,Ferrari,456 M Gta
611,Ferrari,458 Italia
612,Ferrari,458 Spider
613,Ferrari,488 Gtb
614,Ferrari,488 Pista
615,Ferrari,488 Spider
616,Ferrari,512 Tr
617,Ferrari,550 Maranello
618,Ferrari,550 Marenello
619,Ferrari,599 Gtb
620,Ferrari,812 Superfast
621,Ferrari,California
622,Ferrari,Enzo
623,Ferrari,F 355
624,Ferrari,F 430
625,Ferrari,F 430 Spyder
626,Ferrari,F12
627,Ferrari,F12 Berlinetta
628,Ferrari,F12 Tdf
629,Ferrari,F151
630,Ferrari,F40
631,Ferrari,F430
632,Ferrari,F50
633,Ferrari,F575m
634,Ferrari,F599
635,Ferrari,Ff
636,Ferrari,Gtc4
637,Ferrari,Gtc4lusso
638,Ferrari,Laferrari
639,Ferrari,Mondial
640,Ferrari,Portofino
641,Ferrari,Scuderia Spider 16m
642,Ferrari,Testarosa
643,Ferrari,Unknown
644,Fiat,500
645,Fiat,1100 F
646,Fiat,500 Covertible
647,Fiat,500 Stealth
648,Fiat,500l
649,Fiat,500x
650,Fiat,Abarth
651,Fiat,Doblo Combo
652,Fiat,Ducato
653,Fiat,Fiat 500
654,Fiat,Fiat 500 Lounge
655,Fiat,Fiorino
656,Fiat,Fiorino Cargo Van
657,Fiat,Fullback
658,Fiat,Wheel Loader
659,Fiat Burstner,Harmony
660,Fisker,Karma
661,Flat,Bed
662,Force,Traveller
663,Ford,500
664,Ford,Ac Cobra
665,Ford,Aeromaster
666,Ford,Ambulance
667,Ford,Caravan
668,Ford,Cargo Truck
669,Ford,Crown Victoria
670,Ford,E 150
671,Ford,E 250
672,Ford,E 350
673,Ford,E 450
674,Ford,Econoline
675,Ford,Ecosport
676,Ford,Edge
677,Ford,Escape
678,Ford,Everest
679,Ford,Excursion
680,Ford,Expedition
681,Ford,Expedition   El
682,Ford,Explorer
683,Ford,Explorer Sport Trac
684,Ford,F 150
685,Ford,F 150 Raptor
686,Ford,F 250
687,Ford,F 350
688,Ford,F 450
689,Ford,F100
690,Ford,F150
691,Ford,F-150
692,Ford,F150   Roush
693,Ford,F-350
694,Ford,F-500
695,Ford,F-550
696,Ford,Fairlane
697,Ford,Fiesta
698,Ford,Figo
699,Ford,Five Hundred
700,Ford,Flex
701,Ford,Focus
702,Ford,Fusion
703,Ford,Gt
704,Ford,Gt Coupe
705,Ford,Lincoln
706,Ford,Mondeo
707,Ford,Mountaineer
708,Ford,Mustang
709,Ford,Mustang Roush
710,Ford,Mustang Shelby
711,Ford,Ranger
712,Ford,Ranger R239
713,Ford,Sport Trac
714,Ford,Taurus
715,Ford,Thunderbird
716,Ford,Transit
717,Ford,Transit Tourneo Cust
718,Ford,Vista
719,Ford,Windstar
720,Forest River,Lacrosse Towab
721,Forklift,Bobcat T3571
722,Forklift,Bulgaria
723,Forklift,Fsv
724,Forklift,Tlihanlr
725,Fosun,Crane
726,Foton,Aumark
727,Foton,Foton P/Up
728,Foton,Minivan
729,Foton,Sauvana
730,Foton,Truck
731,Foton,View
732,Freight Liner,Trailer Head
733,Freight Liner,Truck
734,Fushun,Quy50a
735,Gac,Ga3
736,Gac,Gs4
737,Gac,Gs5
738,Gac,Gs8
739,Gac Gonow,Troy 100
740,Gcb,Gcb Truck
741,Gcp4sx,Excavator
742,Geely,Ec825
743,Geely,Emgrand Ex7
744,Geely,Emgrand Gs
745,Geely,Emgrand Gt
746,Geely,Emgrand X7 Sport
747,Geely,Gx2
748,Geely,Lc
749,Geely,Unknown
750,Gehl,Dl11-55
751,Genesis,G80
752,Genie,Man Lift
753,Gmc,Acadia
754,Gmc,Acadia Denali
755,Gmc,Acadia Sle
756,Gmc,Acadia Slt
757,Gmc,Ambulance
758,Gmc,American Revolution
759,Gmc,Blood Mobile
760,Gmc,C3500
761,Gmc,Envoy
762,Gmc,Envoy Denali
763,Gmc,Jimmy
764,Gmc,Luv P/Up
765,Gmc,N K R
766,Gmc,Rally
767,Gmc,Safari
768,Gmc,Savana
769,Gmc,Savana  Van
770,Gmc,Sierra
771,Gmc,Sierra Crew Cab
772,Gmc,Starcraft Van
773,Gmc,Suburban S/W
774,Gmc,Terrain
775,Gmc,Yukon
776,Gmc,Yukon Denali
777,Gmc,Yukon Xl
778,Godrej,Forklift
779,Golden Dragon,Bus
780,Gonow,Pick-Up
781,Gorica,Flat Bed Trailer
782,Gorica,Trailer
783,Gorica,Trailer Tanker
784,Gorica,Truck
785,Grand,Tiger
786,Great Wall,Deer
787,Great Wall,Florid
788,Great Wall,Gwperi
789,Great Wall,Sailor
790,Great Wall,So Cool
791,Great Wall,Wingle
792,Great Wall,Wingle 3
793,Great Wall,Wingle 6
794,Grove,Crane
795,Ham,Road Roller
796,Ham,Roller
797,Hamm,Crw18
798,Hamm,Grw18
799,Hamm,Tyre Roller
800,Hangcha,Fork Lift
801,Harley Davidson,1200 Low
802,Harley Davidson,Dyna
803,Harley Davidson,Motor Cycle
804,Harley Davidson,Nightster
805,Harley Davidson,Sportster
806,Harley Davidson,Street Glide
807,Harley Davidson,Vrsc
808,Haulotte,Boomlift
809,Haval,H2
810,Haval,H6 Sport
811,Haval,H9
812,Haval,Unknown
813,Heli,Fork Lift
814,Hero Honda,Motor Cycle
815,Hidromek,Hmk 102b
816,Higer,Bus
817,Higer,Klq6798
818,Hino,300
819,Hino,500
820,Hino,300 Series
821,Hino,Cwc
822,Hino,Dutro
823,Hino,Dutro Wu340l
824,Hino,Dutro Wu410l
825,Hino,Fd1jua
826,Hino,Light Van
827,Hino,Pick-Up
828,Hino,Refrigerator
829,Hino,Tanker
830,Hino,Tipper
831,Hino,Trailer
832,Hino,Truck
833,Hino,Truck With Crane
834,Hino,Water Tanker
835,Hitachi,Crane
836,Hitachi,Excavator
837,Hitachi,Shovel
838,Honda,600
839,Honda,1100p
840,Honda,200 Motor Cycle
841,Honda,Accord
842,Honda,Accord Coupe
843,Honda,Accord Crosstour
844,Honda,Acura
845,Honda,Cb 160
846,Honda,Cb 250
847,Honda,Cbf 125
848,Honda,Cbf 160f
849,Honda,Cbf150
850,Honda,Cbr 900
851,Honda,Cbr1000
852,Honda,Cbr250
853,Honda,Cbr500
854,Honda,Cbr600
855,Honda,Cbx250
856,Honda,Cbx250 Twister
857,Honda,Cc125 Motor Cycle
858,Honda,Cd200
859,Honda,Cg 125
860,Honda,City
861,Honda,Civic
862,Honda,Civic Coupe
863,Honda,Crosstour
864,Honda,Crv
865,Honda,Crx
866,Honda,G200
867,Honda,Gbf150
868,Honda,Gl 1800
869,Honda,Goldwing
870,Honda,Grf450
871,Honda,Hrv
872,Honda,Jazz
873,Honda,Legend
874,Honda,Motor Cycle
875,Honda,Mrv
876,Honda,Odyssey
877,Honda,Odyssey J
878,Honda,Pilot
879,Honda,Prelude
880,Honda,Rebel 250
881,Honda,Ridgeline
882,Honda,S 2000
883,Honda,S2000
884,Honda,Shadow
885,Honda,Strem
886,Honda,Trigger
887,Honda,Trx700
888,Honda,Unicorn
889,Honda,Valkyrie
890,Hummer,H1
891,Hummer,H2
892,Hummer,H2 Sut
893,Hummer,H3
894,Hydra,Crane
895,Hyster,Fork Lift
896,Hyster,H2 00xl
897,Hyster,H3 Oft
898,Hyster,H500xl
899,Hyundai,Accent
900,Hyundai,Aero
901,Hyundai,Atos
902,Hyundai,Azera
903,Hyundai,Centennial
904,Hyundai,County
905,Hyundai,Coupe
906,Hyundai,Creta
907,Hyundai,Elantra
908,Hyundai,Elantra Coupe
909,Hyundai,Ex8
910,Hyundai,Excavator
911,Hyundai,Fork Lift
912,Hyundai,Galloper
913,Hyundai,Genesis
914,Hyundai,Genesis Coupe
915,Hyundai,Genesis Prada
916,Hyundai,Getz
917,Hyundai,Grader
918,Hyundai,Grand I10
919,Hyundai,Grand Santa Fe
920,Hyundai,H 1
921,Hyundai,H1
922,Hyundai,H100
923,Hyundai,Hd 72
924,Hyundai,Hd3600
925,Hyundai,Hd46
926,Hyundai,Hd65
927,Hyundai,Hl740-7
928,Hyundai,I 10
929,Hyundai,I 20
930,Hyundai,I 30
931,Hyundai,I 40
932,Hyundai,I40
933,Hyundai,Loader
934,Hyundai,Matrix
935,Hyundai,Santa Fe
936,Hyundai,Shovel
937,Hyundai,Sonata
938,Hyundai,Stellar
939,Hyundai,Terracan
940,Hyundai,Trajet
941,Hyundai,Truck
942,Hyundai,Tucson
943,Hyundai,Unknown
944,Hyundai,Van With Freezer
945,Hyundai,Veloster
946,Hyundai,Veracruz
947,Hyundai,Wheel Loader
948,Hyundai,Xg300
949,Infiniti,Ex35
950,Infiniti,Ex37
951,Infiniti,Fx35
952,Infiniti,Fx37
953,Infiniti,Fx45
954,Infiniti,Fx50
955,Infiniti,G 25
956,Infiniti,G25s
957,Infiniti,G35
958,Infiniti,G35 Coupe
959,Infiniti,G37
960,Infiniti,G37 Coupe
961,Infiniti,I30
962,Infiniti,I35
963,Infiniti,Jx 35
964,Infiniti,Jx35
965,Infiniti,M35
966,Infiniti,M37
967,Infiniti,M45
968,Infiniti,M56
969,Infiniti,Q30
970,Infiniti,Q45
971,Infiniti,Q50
972,Infiniti,Q50s
973,Infiniti,Q56
974,Infiniti,Q60
975,Infiniti,Q70
976,Infiniti,Qx4
977,Infiniti,Qx50
978,Infiniti,Qx56
979,Infiniti,Qx60
980,Infiniti,Qx70
981,Infiniti,Qx70s
982,Infiniti,Qx80
983,Infiniti,Unknown
984,Ingersol,Injersolrand
985,Ingersol,Rand
986,Ingersol,Roller
987,International,Bus
988,International,Truck
989,Isuzu,D Max
990,Isuzu,D-Max
991,Isuzu,Elf Van
992,Isuzu,Exr
993,Isuzu,F.S.R
994,Isuzu,Fork Lift
995,Isuzu,Freezer
996,Isuzu,Fsr
997,Isuzu,Ftr
998,Isuzu,Ftr33p
999,Isuzu,Fvr
1000,Isuzu,Heavy Duty Pick-Up
1001,Isuzu,Kb
1002,Isuzu,Kb Pickup
1003,Isuzu,Light Truck
1004,Isuzu,N H R  With Refrigerator
1005,Isuzu,N K R  With Refrigerator
1006,Isuzu,N.K.R
1007,Isuzu,N.P.R With Crane
1008,Isuzu,N.P.R.
1009,Isuzu,N.P.R. With Refrigerator
1010,Isuzu,Nhr
1011,Isuzu,Nmr
1012,Isuzu,Nmr  With Refrigerator
1013,Isuzu,Npr71k22
1014,Isuzu,Npr85h
1015,Isuzu,Nqr
1016,Isuzu,Qkr
1017,Isuzu,Recovery
1018,Isuzu,Reward
1019,Isuzu,Tanker
1020,Isuzu,Tfr
1021,Isuzu,Trooper
1022,Isuzu,Truck
1023,Isuzu,Truck W/Crane
1024,Isuzu,Truck With Refrigerator
1025,Iveco,50c 15
1026,Iveco,Daily Van
1027,Iveco,Mini Bus
1028,Iveco,Panel Van
1029,Iveco,Pick/Up
1030,Iveco,Power Daily
1031,Iveco,Sewerage
1032,Iveco,Tipper Truck
1033,Iveco,Trailer
1034,Iveco,Trekker
1035,Iveco,Truck
1036,Iveco,Van
1037,J C B,532
1038,J C B,3cx
1039,J C B,3cx Eco
1040,J C B,532 - 120 Crane
1041,J C B,535-125
1042,J C B,540/170 Loadall
1043,J C B,540-170
1044,J C B,Back Hoc
1045,J C B,Backhoe Loader
1046,J C B,Excavator
1047,J C B,Fork Lift
1048,J C B,Jcbexc
1049,J C B,Loader
1050,J C B,Roller
1051,J C B,Shovel
1052,J C B,Skid Steer Loader
1053,J C B,Telehandler
1054,Jac,Cpcd50
1055,Jac,Cpcd70
1056,Jac,Fork Lift
1057,Jac,Hfc1046k
1058,Jac,Hfc1055k
1059,Jac,Hfc1063k
1060,Jac,J4
1061,Jac,J5
1062,Jac,J6
1063,Jac,M1
1064,Jac,M1 Minibus
1065,Jac,M4
1066,Jac,S3
1067,Jac,Truck
1068,Jaguar,Daimler
1069,Jaguar,E-Pace
1070,Jaguar,E-Type
1071,Jaguar,F Type
1072,Jaguar,F-Pace
1073,Jaguar,F-Type
1074,Jaguar,S Type
1075,Jaguar,Sovereign
1076,Jaguar,Unknown
1077,Jaguar,X J8
1078,Jaguar,X Type
1079,Jaguar,Xe
1080,Jaguar,Xf
1081,Jaguar,Xfr
1082,Jaguar,Xfr-S
1083,Jaguar,Xj
1084,Jaguar,Xj 4.2
1085,Jaguar,Xj6
1086,Jaguar,Xjl
1087,Jaguar,Xjr
1088,Jaguar,Xjs
1089,Jaguar,Xj-S
1090,Jaguar,Xk
1091,Jaguar,Xk8
1092,Jaguar,Xke
1093,Jaguar,Xkr
1094,Jannarelly,Design-1
1095,Jeep,Cherokee
1096,Jeep,Commander
1097,Jeep,Compas
1098,Jeep,Compass
1099,Jeep,Grand Cherokee
1100,Jeep,Grand Cherokee Srt 8
1101,Jeep,Grand Wagoneer
1102,Jeep,Liberty
1103,Jeep,Patriot
1104,Jeep,Renegade
1105,Jeep,Wrangler
1106,Jeep,Wrangler Unlimited
1107,Jeepney,Jeepney
1108,Jinbei,Mini Bus
1109,Jinbei,Pick-Up
1110,Jinbei,Van
1111,Jlg,Boom Manlift
1112,Jmc,Nhr
1113,Jmc,Nkr
1114,Jmc,Pick-Up
1115,Kato,Crane
1116,Kato,Kr 25h
1117,Kawasaki,Er-4n
1118,Kawasaki,Klr650
1119,Kawasaki,Kr20c
1120,Kawasaki,Kr20d
1121,Kawasaki,Motor Cycle
1122,Kawasaki,Ninja 300
1123,Kawasaki,Ninja Zx 6r
1124,Kawasaki,Ninja Zzr
1125,Kawasaki,Wheel Loader
1126,Kawasaki,Z800
1127,Kenworth,T800
1128,Kia,2400
1129,Kia,Amanti
1130,Kia,Bongo
1131,Kia,Borrego
1132,Kia,Cadenza
1133,Kia,Carens
1134,Kia,Carnival
1135,Kia,Carnival S/W
1136,Kia,Cerato
1137,Kia,Cerato Koup
1138,Kia,Double Cabin P/Up
1139,Kia,Forte
1140,Kia,K 2700
1141,Kia,K3000
1142,Kia,K4000g
1143,Kia,K4000s
1144,Kia,Mohave
1145,Kia,Opirus
1146,Kia,Oprius
1147,Kia,Optima
1148,Kia,Optima Turbo
1149,Kia,Picanto
1150,Kia,Pregio Van
1151,Kia,Quoris
1152,Kia,Rio
1153,Kia,Sedona
1154,Kia,Shuma
1155,Kia,Sorento
1156,Kia,Soul
1157,Kia,Sportage
1158,Kia,Telluride
1159,Kia,Unknown
1160,King,Cpcd40aa Fork Lift
1161,King Long,Bus
1162,King Long,Cargo
1163,King Long,King Longxmq6858
1164,King Long,Xmq6128y
1165,King Long,Xmq6532feg2
1166,Kleeman,Mr130zevo2
1167,Klemm,Kr806-3d
1168,Kobelco,Crane
1169,Kobelco,Excavator
1170,Kobelco,Rk250
1171,Kobelco,Sk 480
1172,Komatsu,Bulldozer
1173,Komatsu,Dozer
1174,Komatsu,Dump Truck
1175,Komatsu,Excavator
1176,Komatsu,Fd 25t-14
1177,Komatsu,Fd 30
1178,Komatsu,Fd 70-7
1179,Komatsu,Fd30ht 17
1180,Komatsu,Fd50at
1181,Komatsu,Fork Lift
1182,Komatsu,Forklift Fd25
1183,Komatsu,Grader
1184,Komatsu,Hd 325-6
1185,Komatsu,Komatsu D575
1186,Komatsu,Loader
1187,Komatsu,Pc 400-8r
1188,Komatsu,Pc400
1189,Komatsu,Shovel
1190,Komatsu,Wa 470
1191,Komatsu,Wa470-5
1192,Komatsu,Wheel Loader
1193,Krupp,Crane
1194,Ktm,200 Exc
1195,Ktm,390 Duke
1196,Ktm,Duke
1197,Ktm 990,Mobike
1198,Ktm Adventure,Motor Cycle
1199,Kylin Yzk,Pick-Up
1200,Kymco,Xciting R
1201,Lada,Niva
1202,Lamborghini,Aventador
1203,Lamborghini,Diablo Vt
1204,Lamborghini,Gallardo
1205,Lamborghini,Huracan
1206,Lamborghini,Murcielago
1207,Lamborghini,Unknown
1208,Lamborghini,Urus
1209,Land Rover,101
1210,Land Rover,Defender
1211,Land Rover,Discovery
1212,Land Rover,Discovery Sport
1213,Land Rover,Free Lander
1214,Land Rover,Freelander
1215,Land Rover,L 320
1216,Land Rover,Lr2
1217,Land Rover,Lr3
1218,Land Rover,Lr4
1219,Land Rover,New Range Rover
1220,Land Rover,Pick-Up
1221,Land Rover,Range Rover
1222,Land Rover,Range Rover Evoque
1223,Land Rover,Range Rover Evouque
1224,Land Rover,Range Rover Sport
1225,Land Rover,Range Rover Velar
1226,Land Rover,Unknown
1227,Lexus,Ct 200h
1228,Lexus,Es 300
1229,Lexus,Es 330
1230,Lexus,Es 350
1231,Lexus,Es250
1232,Lexus,Gs 250
1233,Lexus,Gs 300
1234,Lexus,Gs 350
1235,Lexus,Gs 400
1236,Lexus,Gs 430
1237,Lexus,Gs 450 H
1238,Lexus,Gs 460
1239,Lexus,Gs F
1240,Lexus,Gs200t
1241,Lexus,Gs250
1242,Lexus,Gs350
1243,Lexus,Gs430
1244,Lexus,Gs460
1245,Lexus,Gx 470
1246,Lexus,Gx460
1247,Lexus,Is 250
1248,Lexus,Is 300
1249,Lexus,Is 300 C
1250,Lexus,Is 350
1251,Lexus,Is F
1252,Lexus,Is200t
1253,Lexus,Is250
1254,Lexus,Is300
1255,Lexus,Is300c
1256,Lexus,Is-F?
1257,Lexus,Lc500h
1258,Lexus,Ls 400
1259,Lexus,Ls 430
1260,Lexus,Ls 460
1261,Lexus,Ls 600
1262,Lexus,Ls430
1263,Lexus,Ls460
1264,Lexus,Ls500h
1265,Lexus,Ls600h
1266,Lexus,Lx 470
1267,Lexus,Lx 570
1268,Lexus,Lx450
1269,Lexus,Lx470
1270,Lexus,Lx570
1271,Lexus,Nx 200t
1272,Lexus,Nx300
1273,Lexus,Rc
1274,Lexus,Rc F
1275,Lexus,Rc200t
1276,Lexus,Rc350
1277,Lexus,Rx 300
1278,Lexus,Rx 330
1279,Lexus,Rx 350
1280,Lexus,Rx 450
1281,Lexus,Rx330
1282,Lexus,Rx350
1283,Lexus,Rx450h
1284,Lexus,Sc 300
1285,Lexus,Sc 430
1286,Lexus,Sc430
1287,Lexus,Se 300
1288,Lexus,Unknown
1289,Lexus,Ux200
1290,Leyland,Bus
1291,Liebherr,Crane
1292,Liebherr,Excavator
1293,Lincoln,Continental
1294,Lincoln,Continental Reserve
1295,Lincoln,Mkc
1296,Lincoln,Mks
1297,Lincoln,Mkt
1298,Lincoln,Mk-T
1299,Lincoln,Mkx
1300,Lincoln,Mkz
1301,Lincoln,Nautilus
1302,Lincoln,Navigator
1303,Lincoln,Navigator  El
1304,Lincoln,Town Car
1305,Linde,Fork Lift
1306,Liubong,Wheel Loader
1307,Local,Trailer
1308,Lonking,Lg 30dt
1309,Lonking,Wheel Loader
1310,Loraine,Crane
1311,Lotus,2 Eleven
1312,Lotus,Evora
1313,Lotus,Exige
1314,Lotus,Exige S
1315,Lowbed,Trailer
1316,Luxgen,7
1317,Luxgen,U6
1318,Luxgen,U7
1319,M.A.N.,373-38
1320,M.A.N.,Concrete Mixer
1321,M.A.N.,Concrete Pump
1322,M.A.N.,T.G.M. 18.240
1323,M.A.N.,Tanker
1324,M.A.N.,Tga33.440
1325,M.A.N.,Tgm18.240
1326,M.A.N.,Tipper Trailer
1327,M.A.N.,Tipper Truck
1328,M.A.N.,Tractor Unit
1329,M.A.N.,Trailer
1330,M.A.N.,Trailer Head
1331,M.A.N.,Truck
1332,M.A.N.,Truck With Crane
1333,M.A.N.,Water Tanker
1334,Mack,Tractor Head
1335,Mack,Truck
1336,Mahindra,Pick-Up
1337,Mahindra,Scorpio
1338,Mahindra,Tractor
1339,Mahindra,Xuv 500
1340,Mammut,Flat Bed Trailer
1341,Mammut,Highbed
1342,Mammut,Tipper
1343,Mammut,Trailer
1344,Manitou,Crane
1345,Manitou,Fork Lift
1346,Manitou,Telehandler
1347,Maserati,Coupe Gt
1348,Maserati,Ghibli
1349,Maserati,Gran Turismo
1350,Maserati,Grancabrio
1351,Maserati,Gransport
1352,Maserati,Levante
1353,Maserati,Levante S
1354,Maserati,Mc 12
1355,Maserati,Quattroporte
1356,Maserati,Quattroporte S
1357,Maserati,Quattroporte Sport Gt
1358,Maserati,Spyder
1359,Massey Ferguson,Tractor
1360,Maxton,Fork Lift
1361,Maxus,G10
1362,Maxus,T60
1363,Maxus,V80
1364,Maybach,62
1365,Mazda,2
1366,Mazda,3
1367,Mazda,6
1368,Mazda,323
1369,Mazda,626
1370,Mazda,929
1371,Mazda,3 's'
1372,Mazda,3 Sport
1373,Mazda,323 Glx At
1374,Mazda,3500 T P/Up
1375,Mazda,6 's'
1376,Mazda,6 Ultra
1377,Mazda,B 2000
1378,Mazda,B2200
1379,Mazda,B2900
1380,Mazda,Bt-50
1381,Mazda,Bt50- 2200
1382,Mazda,Cx 5
1383,Mazda,Cx-3
1384,Mazda,Cx5
1385,Mazda,Cx-5
1386,Mazda,Cx7
1387,Mazda,Cx9
1388,Mazda,Cx-9
1389,Mazda,E 2000 S.Cabin P/Up
1390,Mazda,E2000
1391,Mazda,E2000 Mini Bus
1392,Mazda,Lantis
1393,Mazda,Mpv
1394,Mazda,Mx5
1395,Mazda,Mx-5
1396,Mazda,T2600
1397,Mazda,T3500
1398,Mazda,Truck
1399,Mazda,Ultra 2.5
1400,Mazda,Van
1401,Mclaren,540c
1402,Mclaren,570s
1403,Mclaren,650s
1404,Mclaren,650s Spider
1405,Mclaren,675lt
1406,Mclaren,720s
1407,Mclaren,Mp4
1408,Mclaren,Mp4 12c
1409,Mclaren,Mso
1410,Mclaren,P1
1411,Mclaren,Senna
1412,Mclaren,Unknown
1413,Mercedes Benz,280
1414,Mercedes Benz,0404
1415,Mercedes Benz,450
1416,Mercedes Benz,500
1417,Mercedes Benz,600
1418,Mercedes Benz,1628
1419,Mercedes Benz,1722
1420,Mercedes Benz,1824
1421,Mercedes Benz,1838
1422,Mercedes Benz,1840
1423,Mercedes Benz,1843
1424,Mercedes Benz,1844
1425,Mercedes Benz,1848
1426,Mercedes Benz,1850
1427,Mercedes Benz,1935
1428,Mercedes Benz,2038
1429,Mercedes Benz,2040
1430,Mercedes Benz,2044
1431,Mercedes Benz,2534
1432,Mercedes Benz,2538
1433,Mercedes Benz,2540
1434,Mercedes Benz,2544
1435,Mercedes Benz,2624
1436,Mercedes Benz,2635
1437,Mercedes Benz,2638
1438,Mercedes Benz,2644
1439,Mercedes Benz,4031
1440,Mercedes Benz,4140
1441,Mercedes Benz,0350 Tourismo
1442,Mercedes Benz,140 Bus
1443,Mercedes Benz,280 Se
1444,Mercedes Benz,280 Sl
1445,Mercedes Benz,308 Cdi Sprinter
1446,Mercedes Benz,311 Cdi Sprinte
1447,Mercedes Benz,380sl
1448,Mercedes Benz,4031/45
1449,Mercedes Benz,450 Sl
1450,Mercedes Benz,450sl
1451,Mercedes Benz,500 Sel
1452,Mercedes Benz,560 Sl
1453,Mercedes Benz,815dka
1454,Mercedes Benz,A 250
1455,Mercedes Benz,A 45
1456,Mercedes Benz,A 45 Amg
1457,Mercedes Benz,A180
1458,Mercedes Benz,A250
1459,Mercedes Benz,A45
1460,Mercedes Benz,Ambulance
1461,Mercedes Benz,Amg Gt
1462,Mercedes Benz,Atego
1463,Mercedes Benz,B 150
1464,Mercedes Benz,B 170
1465,Mercedes Benz,B 200
1466,Mercedes Benz,B 200 Turbo
1467,Mercedes Benz,B150
1468,Mercedes Benz,B160
1469,Mercedes Benz,B170
1470,Mercedes Benz,B200
1471,Mercedes Benz,Benz 1835
1472,Mercedes Benz,Benz 3235
1473,Mercedes Benz,Benz Actros
1474,Mercedes Benz,C 160 K
1475,Mercedes Benz,C 180
1476,Mercedes Benz,C 180 Coupe
1477,Mercedes Benz,C 200
1478,Mercedes Benz,C 200 K
1479,Mercedes Benz,C 220
1480,Mercedes Benz,C 230
1481,Mercedes Benz,C 240
1482,Mercedes Benz,C 250
1483,Mercedes Benz,C 280
1484,Mercedes Benz,C 300
1485,Mercedes Benz,C 320
1486,Mercedes Benz,C 350
1487,Mercedes Benz,C 63
1488,Mercedes Benz,C 63 Amg
1489,Mercedes Benz,C160 K
1490,Mercedes Benz,C180 K
1491,Mercedes Benz,C200
1492,Mercedes Benz,C200 K
1493,Mercedes Benz,C230
1494,Mercedes Benz,C230 K
1495,Mercedes Benz,C250
1496,Mercedes Benz,C300
1497,Mercedes Benz,C350
1498,Mercedes Benz,C43 Amg
1499,Mercedes Benz,C450 Amg
1500,Mercedes Benz,C63 Amg
1501,Mercedes Benz,Cdi  616
1502,Mercedes Benz,Cdi Sprinter
1503,Mercedes Benz,Ce 300
1504,Mercedes Benz,Cement Mixer
1505,Mercedes Benz,Cement Tanker
1506,Mercedes Benz,Cl 500
1507,Mercedes Benz,Cl 55
1508,Mercedes Benz,Cl 550
1509,Mercedes Benz,Cl 600
1510,Mercedes Benz,Cl 63
1511,Mercedes Benz,Cl 65
1512,Mercedes Benz,Cl55 Amg
1513,Mercedes Benz,Cl600
1514,Mercedes Benz,Cl63 Amg
1515,Mercedes Benz,Cl65 Amg
1516,Mercedes Benz,Cla 200
1517,Mercedes Benz,Cla 250
1518,Mercedes Benz,Cla 45
1519,Mercedes Benz,Cla45 Amg
1520,Mercedes Benz,Clc 180
1521,Mercedes Benz,Clc 200
1522,Mercedes Benz,Clc 230
1523,Mercedes Benz,Clc180k
1524,Mercedes Benz,Clc200k
1525,Mercedes Benz,Clc230 K
1526,Mercedes Benz,Clc250
1527,Mercedes Benz,Clk
1528,Mercedes Benz,Clk 200
1529,Mercedes Benz,Clk 230
1530,Mercedes Benz,Clk 240
1531,Mercedes Benz,Clk 280
1532,Mercedes Benz,Clk 320
1533,Mercedes Benz,Clk 350
1534,Mercedes Benz,Clk 500
1535,Mercedes Benz,Clk 55
1536,Mercedes Benz,Clk200 K
1537,Mercedes Benz,Clk230 K
1538,Mercedes Benz,Clk280
1539,Mercedes Benz,Clk320
1540,Mercedes Benz,Clk320 Cdi
1541,Mercedes Benz,Clk350
1542,Mercedes Benz,Clk500
1543,Mercedes Benz,Clk55 Amg
1544,Mercedes Benz,Clk63 Amg
1545,Mercedes Benz,Cls 280
1546,Mercedes Benz,Cls 350
1547,Mercedes Benz,Cls 500
1548,Mercedes Benz,Cls 55
1549,Mercedes Benz,Cls 550
1550,Mercedes Benz,Cls 63
1551,Mercedes Benz,Cls 63 Amg
1552,Mercedes Benz,Cls280
1553,Mercedes Benz,Cls300
1554,Mercedes Benz,Cls400
1555,Mercedes Benz,Cls500
1556,Mercedes Benz,Cls53 Amg
1557,Mercedes Benz,Cls55 Amg
1558,Mercedes Benz,Cls63 Amg
1559,Mercedes Benz,Concrete Mixer
1560,Mercedes Benz,Concrete Pump
1561,Mercedes Benz,Crane
1562,Mercedes Benz,Diesel Tanker
1563,Mercedes Benz,Drinage Tanker
1564,Mercedes Benz,Dump Truck
1565,Mercedes Benz,Dumper
1566,Mercedes Benz,E 190
1567,Mercedes Benz,E 200
1568,Mercedes Benz,E 220
1569,Mercedes Benz,E 230
1570,Mercedes Benz,E 240
1571,Mercedes Benz,E 250
1572,Mercedes Benz,E 250 Coupe
1573,Mercedes Benz,E 280
1574,Mercedes Benz,E 300
1575,Mercedes Benz,E 300 Coupe
1576,Mercedes Benz,E 320
1577,Mercedes Benz,E 320 Coupe
1578,Mercedes Benz,E 350
1579,Mercedes Benz,E 350 Coupe
1580,Mercedes Benz,E 400
1581,Mercedes Benz,E 420
1582,Mercedes Benz,E 430
1583,Mercedes Benz,E 50
1584,Mercedes Benz,E 500
1585,Mercedes Benz,E 500 Coupe
1586,Mercedes Benz,E 55
1587,Mercedes Benz,E 63
1588,Mercedes Benz,E200
1589,Mercedes Benz,E200 Cgi Coupe
1590,Mercedes Benz,E250
1591,Mercedes Benz,E280
1592,Mercedes Benz,E300
1593,Mercedes Benz,E320
1594,Mercedes Benz,E350
1595,Mercedes Benz,E350 Cabriolet
1596,Mercedes Benz,E400
1597,Mercedes Benz,E400 Cabriolet
1598,Mercedes Benz,E43 Amg
1599,Mercedes Benz,E500
1600,Mercedes Benz,E55 Amg
1601,Mercedes Benz,E550
1602,Mercedes Benz,E63 Amg
1603,Mercedes Benz,Flat Bed Truck
1604,Mercedes Benz,Flour Tanker
1605,Mercedes Benz,G 320
1606,Mercedes Benz,G 500
1607,Mercedes Benz,G 500 Lwb
1608,Mercedes Benz,G 500 Swb
1609,Mercedes Benz,G 55
1610,Mercedes Benz,G 63
1611,Mercedes Benz,G 65
1612,Mercedes Benz,G350
1613,Mercedes Benz,G500
1614,Mercedes Benz,G55 Amg
1615,Mercedes Benz,G63 Amg
1616,Mercedes Benz,G65 Amg
1617,Mercedes Benz,Gl 400
1618,Mercedes Benz,Gl 450
1619,Mercedes Benz,Gl 500
1620,Mercedes Benz,Gl 550
1621,Mercedes Benz,Gl450
1622,Mercedes Benz,Gl500
1623,Mercedes Benz,Gl63
1624,Mercedes Benz,Gl63 Amg
1625,Mercedes Benz,Gla 250
1626,Mercedes Benz,Gla 45
1627,Mercedes Benz,Gla220
1628,Mercedes Benz,Gla250
1629,Mercedes Benz,Gla45 Amg
1630,Mercedes Benz,Glc 43 Amg
1631,Mercedes Benz,Glc250
1632,Mercedes Benz,Glc300
1633,Mercedes Benz,Gle 400
1634,Mercedes Benz,Gle 450
1635,Mercedes Benz,Gle 63 Amg
1636,Mercedes Benz,Gle43 Amg
1637,Mercedes Benz,Gle450
1638,Mercedes Benz,Gle500
1639,Mercedes Benz,Gle63 Amg
1640,Mercedes Benz,Glk
1641,Mercedes Benz,Glk 250
1642,Mercedes Benz,Glk 280
1643,Mercedes Benz,Glk 300
1644,Mercedes Benz,Glk 350
1645,Mercedes Benz,Glk300
1646,Mercedes Benz,Gls500
1647,Mercedes Benz,Gls63 Amg
1648,Mercedes Benz,Gt S
1649,Mercedes Benz,Head Trailer
1650,Mercedes Benz,M/Bus Mcv200
1651,Mercedes Benz,Maybach
1652,Mercedes Benz,Mb 114
1653,Mercedes Benz,Mcv Bus
1654,Mercedes Benz,Mercedes
1655,Mercedes Benz,Mini Bus
1656,Mercedes Benz,Mixer
1657,Mercedes Benz,Ml 320
1658,Mercedes Benz,Ml 350
1659,Mercedes Benz,Ml 400
1660,Mercedes Benz,Ml 55
1661,Mercedes Benz,Ml 63
1662,Mercedes Benz,Ml320 Cdi
1663,Mercedes Benz,Ml350
1664,Mercedes Benz,Ml400
1665,Mercedes Benz,Ml430
1666,Mercedes Benz,Ml500
1667,Mercedes Benz,Ml63 Amg
1668,Mercedes Benz,Pump (Putz)
1669,Mercedes Benz,R 280
1670,Mercedes Benz,R 300
1671,Mercedes Benz,R 500
1672,Mercedes Benz,R280
1673,Mercedes Benz,R280 L
1674,Mercedes Benz,R300l
1675,Mercedes Benz,R350
1676,Mercedes Benz,R350l
1677,Mercedes Benz,R500
1678,Mercedes Benz,S
1679,Mercedes Benz,S 280
1680,Mercedes Benz,S 300
1681,Mercedes Benz,S 320
1682,Mercedes Benz,S 320 L
1683,Mercedes Benz,S 350
1684,Mercedes Benz,S 350 L
1685,Mercedes Benz,S 400
1686,Mercedes Benz,S 500
1687,Mercedes Benz,S 500 Coupe
1688,Mercedes Benz,S 500 L
1689,Mercedes Benz,S 55
1690,Mercedes Benz,S 550
1691,Mercedes Benz,S 600
1692,Mercedes Benz,S 600 L
1693,Mercedes Benz,S 63
1694,Mercedes Benz,S 63 Amg Coupe
1695,Mercedes Benz,S 65
1696,Mercedes Benz,S 65 Amg
1697,Mercedes Benz,S 65 Amg Coupe
1698,Mercedes Benz,S230
1699,Mercedes Benz,S400 Hybrid
1700,Mercedes Benz,S400 L
1701,Mercedes Benz,S500
1702,Mercedes Benz,S500 Maybach
1703,Mercedes Benz,S55 Amg
1704,Mercedes Benz,S560 Coupe
1705,Mercedes Benz,S63 Amg
1706,Mercedes Benz,S65 Amg
1707,Mercedes Benz,S650 Maybach
1708,Mercedes Benz,Se 450
1709,Mercedes Benz,Se300
1710,Mercedes Benz,Sec 560
1711,Mercedes Benz,Sel 280
1712,Mercedes Benz,Sel 300
1713,Mercedes Benz,Sel 560
1714,Mercedes Benz,Sel 600
1715,Mercedes Benz,Sewerage Tanker
1716,Mercedes Benz,Sl 280
1717,Mercedes Benz,Sl 300
1718,Mercedes Benz,Sl 350
1719,Mercedes Benz,Sl 380
1720,Mercedes Benz,Sl 400
1721,Mercedes Benz,Sl 500
1722,Mercedes Benz,Sl 55
1723,Mercedes Benz,Sl 550
1724,Mercedes Benz,Sl 600
1725,Mercedes Benz,Sl 63
1726,Mercedes Benz,Sl 65
1727,Mercedes Benz,Sl300
1728,Mercedes Benz,Sl350
1729,Mercedes Benz,Sl400
1730,Mercedes Benz,Sl450
1731,Mercedes Benz,Sl500
1732,Mercedes Benz,Sl55 Amg
1733,Mercedes Benz,Sl600
1734,Mercedes Benz,Sl63 Amg
1735,Mercedes Benz,Sl65 Amg
1736,Mercedes Benz,Slc 450
1737,Mercedes Benz,Slc 560
1738,Mercedes Benz,Slc200
1739,Mercedes Benz,Slc300
1740,Mercedes Benz,Slc43 Amg
1741,Mercedes Benz,Slk 200
1742,Mercedes Benz,Slk 230
1743,Mercedes Benz,Slk 280
1744,Mercedes Benz,Slk 350
1745,Mercedes Benz,Slk 55
1746,Mercedes Benz,Slk200 K
1747,Mercedes Benz,Slk230 K
1748,Mercedes Benz,Slk250
1749,Mercedes Benz,Slk280
1750,Mercedes Benz,Slk320
1751,Mercedes Benz,Slk350
1752,Mercedes Benz,Slk55 Amg
1753,Mercedes Benz,Slr
1754,Mercedes Benz,Slr Mclaren
1755,Mercedes Benz,Sls Amg
1756,Mercedes Benz,Sls Amg Coupe
1757,Mercedes Benz,Sprinter Van
1758,Mercedes Benz,Tanker
1759,Mercedes Benz,Te 320
1760,Mercedes Benz,Tipper
1761,Mercedes Benz,Tipper / Trailer
1762,Mercedes Benz,Tractor
1763,Mercedes Benz,Tractor Head
1764,Mercedes Benz,Trailer
1765,Mercedes Benz,Trailer Head
1766,Mercedes Benz,Truck
1767,Mercedes Benz,Truck Crane 1619
1768,Mercedes Benz,Truck Crane 2644
1769,Mercedes Benz,Truck Head 1735
1770,Mercedes Benz,Truck Head 2538
1771,Mercedes Benz,Truck Head 3848
1772,Mercedes Benz,Truck Mixer
1773,Mercedes Benz,Truck With Crane
1774,Mercedes Benz,Unknown
1775,Mercedes Benz,V 220
1776,Mercedes Benz,V 250
1777,Mercedes Benz,V Calss
1778,Mercedes Benz,V250
1779,Mercedes Benz,V520
1780,Mercedes Benz,Viano
1781,Mercedes Benz,Viano 3.0
1782,Mercedes Benz,Viano 3.2
1783,Mercedes Benz,Viano 3.5  Trend Limousine
1784,Mercedes Benz,Viano 3.5 Ambiente
1785,Mercedes Benz,Vito
1786,Mercedes Benz,Vito 112
1787,Mercedes Benz,Vito 114
1788,Mercedes Benz,Vito Tourer
1789,Mercedes Benz,Water Tanker
1790,Mercury,Grand Marquis
1791,Mercury,Mariner
1792,Mercury,Milan
1793,Mercury,Montigo
1794,Mercury,Mountaineer
1795,Merlo P38,Telescopic Loader
1796,Messy,Ferguson
1797,Mg,3
1798,Mg,5
1799,Mg,6
1800,Mg,350
1801,Mg,360
1802,Mg,550
1803,Mg,750
1804,Mg,Gs
1805,Mg,Zs
1806,Mini,Cabrio S
1807,Mini,Cooper
1808,Mini,Cooper Clubman
1809,Mini,Cooper Countryman
1810,Mini,Cooper Roadster
1811,Mini,Cooper Rover
1812,Mini,Cooper S
1813,Mini,Cooper S Clubman
1814,Mini,Cooper S Countryman
1815,Mini,Cooper S Roadster
1816,Mini,Coupe
1817,Mini,John Cooper Works
1818,Mitsubishi,Asx
1819,Mitsubishi,Attrage
1820,Mitsubishi,Canter
1821,Mitsubishi,Canter Fuso
1822,Mitsubishi,Colt
1823,Mitsubishi,Dlx Bus
1824,Mitsubishi,Eclipse
1825,Mitsubishi,Eclipse Cross
1826,Mitsubishi,Excavator
1827,Mitsubishi,Fork Lift
1828,Mitsubishi,Fortis
1829,Mitsubishi,Fuso
1830,Mitsubishi,Fuso Recovery (Pick-Up)
1831,Mitsubishi,Fuso Rosa
1832,Mitsubishi,Galant
1833,Mitsubishi,Galant 2.4
1834,Mitsubishi,Galant 3.8
1835,Mitsubishi,Grandis
1836,Mitsubishi,L 200
1837,Mitsubishi,L200
1838,Mitsubishi,L300
1839,Mitsubishi,L300 With Freezer
1840,Mitsubishi,Lancer
1841,Mitsubishi,Lancer Evolution
1842,Mitsubishi,Lancer Ex
1843,Mitsubishi,Lancer Fortis
1844,Mitsubishi,Magna
1845,Mitsubishi,Mirage
1846,Mitsubishi,Mobile Crane
1847,Mitsubishi,Montero
1848,Mitsubishi,Montero Sport
1849,Mitsubishi,Nativa
1850,Mitsubishi,Outlander
1851,Mitsubishi,Pajero
1852,Mitsubishi,Pajero Io
1853,Mitsubishi,Pajero Sport
1854,Mitsubishi,Recovery+car Carrier
1855,Mitsubishi,Rosa
1856,Mitsubishi,Rosa Bus
1857,Mitsubishi,Space Wagon
1858,Mitsubishi,Tanker
1859,Mitsubishi,Tipper
1860,Mitsubishi,Truck
1861,Mitsubishi,Unknown
1862,Morgan,Aero 8
1863,Morgan,Plus 4
1864,Morgan,Roadster
1865,Moto Guzzi,V7 Ii
1866,Muraoka,Excavator
1867,Mv Agusta,Brutale Dragster
1868,New Holland,Excavator
1869,New Holland,Wheel Loader
1870,Nissan,2400
1871,Nissan,350z
1872,Nissan,370z
1873,Nissan,Altima
1874,Nissan,Altima 2.5
1875,Nissan,Altima 3.5
1876,Nissan,Altima2.5
1877,Nissan,Armada
1878,Nissan,Blue Bird
1879,Nissan,Cabstar
1880,Nissan,Cedric
1881,Nissan,Chaasis
1882,Nissan,Civilian
1883,Nissan,Civillian Bus
1884,Nissan,Crane
1885,Nissan,Diesel Freezer
1886,Nissan,E25
1887,Nissan,Fork Lift
1888,Nissan,Frontier
1889,Nissan,Gloria
1890,Nissan,Gtr
1891,Nissan,Gt-R
1892,Nissan,Hpv Van
1893,Nissan,Juke
1894,Nissan,Ka24
1895,Nissan,Kb
1896,Nissan,Kb Pickup
1897,Nissan,Kicks
1898,Nissan,Laurel
1899,Nissan,Leaf
1900,Nissan,Maxima
1901,Nissan,Micra
1902,Nissan,Micro Bus
1903,Nissan,Mkd210lhhc
1904,Nissan,Mt
1905,Nissan,Murano
1906,Nissan,Navara
1907,Nissan,Nu41h5
1908,Nissan,Nv350 Urvan
1909,Nissan,Pathfinder
1910,Nissan,Patrol
1911,Nissan,Patrol P/Up
1912,Nissan,Pick Up
1913,Nissan,Pick-Up
1914,Nissan,Primera
1915,Nissan,Qashqai
1916,Nissan,Quest
1917,Nissan,Rich
1918,Nissan,Rogue
1919,Nissan,Sentra
1920,Nissan,Skyline
1921,Nissan,Stanza
1922,Nissan,Std
1923,Nissan,Sunny
1924,Nissan,Tadano
1925,Nissan,Tanker
1926,Nissan,Terrano 4wd
1927,Nissan,Tiida
1928,Nissan,Titan
1929,Nissan,Truck
1930,Nissan,Ud Truck
1931,Nissan,Unknown
1932,Nissan,Urvan
1933,Nissan,Van
1934,Nissan,Van 3s
1935,Nissan,Van 6s
1936,Nissan,Versa
1937,Nissan,Water Tanker
1938,Nissan,X Terra
1939,Nissan,X Trail
1940,Nissan,Xterra
1941,Nissan,X-Terra
1942,Nissan,X-Trail
1943,Nissan,Yu 41
1944,Nissan,Yumsun
1945,Nissan,Z 350
1946,Nissan,Z 370
1947,Nissan,Zhengzhou
1948,Nissan,Zx
1949,Omega,Crane
1950,Opel,Antara
1951,Opel,Astra
1952,Opel,Astra Cosmo
1953,Opel,Astra Gtc
1954,Opel,Astra Opc
1955,Opel,Cascada
1956,Opel,Corsa
1957,Opel,Insignia
1958,Opel,Meriva
1959,Opel,Mokka
1960,Opel,Mokka  X
1961,Opel,Zafira
1962,P & H,Crane
1963,Pagani,Zonda 760g
1964,Pagani,Zonda C8
1965,Paver,Asphalt
1966,Peugeot,206
1967,Peugeot,207
1968,Peugeot,208
1969,Peugeot,301
1970,Peugeot,306
1971,Peugeot,307
1972,Peugeot,308
1973,Peugeot,406
1974,Peugeot,407
1975,Peugeot,408
1976,Peugeot,508
1977,Peugeot,607
1978,Peugeot,2008
1979,Peugeot,3008
1980,Peugeot,5008
1981,Peugeot,170 C Van
1982,Peugeot,206 Cc
1983,Peugeot,207 Cc
1984,Peugeot,207 Rc
1985,Peugeot,307 Cc
1986,Peugeot,307 Sw
1987,Peugeot,308 Cc
1988,Peugeot,308 Rcz
1989,Peugeot,308 Sw
1990,Peugeot,407 Coupe
1991,Peugeot,Boxer
1992,Peugeot,Expert
1993,Peugeot,Partner
1994,Peugeot,Partner B9
1995,Peugeot,Partner Combi
1996,Peugeot,Rcz
1997,Peugeot,Traveller
1998,Polaris,Ranger Rzr
1999,Polarsun,Mini Bus
2000,Pontiac,Firebird
2001,Pontiac,Solstice
2002,Pontiac,Star Chief
2003,Porsche,911
2004,Porsche,918
2005,Porsche,944
2006,Porsche,993
2007,Porsche,996
2008,Porsche,718 Boxster
2009,Porsche,718 Cayman
2010,Porsche,911 Carrera 4s
2011,Porsche,911 Gt2 Rs
2012,Porsche,911 Gt3 Rs
2013,Porsche,911 Gts
2014,Porsche,911 Singer
2015,Porsche,911 Turbo
2016,Porsche,911 Turbo S
2017,Porsche,911t
2018,Porsche,918 Spyder
2019,Porsche,928 S
2020,Porsche,Boxster
2021,Porsche,Boxter
2022,Porsche,Boxter S
2023,Porsche,Carrera
2024,Porsche,Carrera Gt
2025,Porsche,Carrera Gt3
2026,Porsche,Carrera S
2027,Porsche,Carrera S2
2028,Porsche,Cayanne
2029,Porsche,Cayenne
2030,Porsche,Cayenne Gts
2031,Porsche,Cayenne S
2032,Porsche,Cayenne Turbo
2033,Porsche,Cayman
2034,Porsche,Cayman 987
2035,Porsche,Gt3
2036,Porsche,Macan
2037,Porsche,Macan S
2038,Porsche,Panamera
2039,Porsche,Targa
2040,Power Plus,Loader
2041,Premier,Premier Padmini
2042,Proton,Gen
2043,Proton,Gen-2
2044,Proton,Persona
2045,Proton,Saga
2046,Proton,Wira
2047,Putzmeister,Concrete Pump
2048,Ram,1500
2049,Ram,2500
2050,Range Rover,4.2
2051,Range Rover,4.4
2052,Range Rover,4.6
2053,Range Rover,5.0
2054,Range Rover,5
2055,Range Rover,Autopiography
2056,Range Rover,Evoque
2057,Range Rover,Hse
2058,Range Rover,Sport
2059,Range Rover,V8
2060,Range Rover,Vogue
2061,Renault,Captur
2062,Renault,Clio
2063,Renault,Dokker
2064,Renault,Duster
2065,Renault,Fluence
2066,Renault,K380
2067,Renault,Kangoo
2068,Renault,Kerax
2069,Renault,Koleos
2070,Renault,Laguna
2071,Renault,Logan
2072,Renault,Logan Van
2073,Renault,Master
2074,Renault,Megane
2075,Renault,Megane Coupe
2076,Renault,Safrane
2077,Renault,Sandero
2078,Renault,Scenic
2079,Renault,Symbol
2080,Renault,Talisman
2081,Renault,Tractor
2082,Renault,Trafic
2083,Renault,Trailer
2084,Renault,Truck
2085,Renault,Twizy
2086,Renault,Van
2087,Renault,Water Tanker
2088,Rolls Royce,Bentley
2089,Rolls Royce,Camargue
2090,Rolls Royce,Corniche
2091,Rolls Royce,Dawn
2092,Rolls Royce,Ghost
2093,Rolls Royce,Phantom
2094,Rolls Royce,Silver Shadow
2095,Rolls Royce,Silver Spret
2096,Rolls Royce,Unknown
2097,Rolls Royce,Wraith
2098,Rover,75
2099,Royal Enfield,Bird Tbts
2100,Royal Enfield,Bullet
2101,Royal Enfield,Cla-Efi
2102,Royal Enfield,Classic
2103,Royal Enfield,Interceptor
2104,Ruston Bucyrus,D40
2105,Saab,93
2106,Saab,9-3
2107,Saab,93 Convertible
2108,Saab,93 Sedan
2109,Saab,9-7x
2110,Samsung,Pick-Up
2111,Samsung,Samsung Truck
2112,Sandvik,Sandvik
2113,Sany,Crawler Crane
2114,Sany,Excavator
2115,Sany,Stc
2116,Sany,Stc250
2117,Sany,Truck Crane
2118,Sard,Crane
2119,Scania,Bus
2120,Scania,Concrete Mixer
2121,Scania,Concrete Pump
2122,Scania,G460
2123,Scania,P 360
2124,Scania,P410
2125,Scania,R124ga6x4nz
2126,Scania,Tanker
2127,Scania,Tipper Trailer
2128,Scania,Tractor
2129,Scania,Tractor With Bulk Carrier
2130,Scania,Trailer
2131,Scania,Truck
2132,Scania,Unit
2133,Seat,Alhambra
2134,Seat,Alte
2135,Seat,Altea
2136,Seat,Cordoba
2137,Seat,Cordoba - Saloon
2138,Seat,Exeo
2139,Seat,Ibiza
2140,Seat,Leon
2141,Seat,Toledo
2142,Shantui,Sd22d
2143,Shantui,Sf30
2144,Shenlong,Sly Bus
2145,Silla,Db 4000
2146,Silla,Dumber
2147,Sino Howo,Tipper
2148,Skid Steer,Loader
2149,Skoda,Fabia
2150,Skoda,Octavia
2151,Skoda,Rapid
2152,Skoda,Superb
2153,Skoda,Yeti
2154,Smart,Coupe
2155,Smart,Fortwo
2156,Soilmec,Drilling Rig
2157,Spyder Can Am,Motor Cycle
2158,Ssangyong,Actyon
2159,Ssangyong,Chairman
2160,Ssangyong,Korando
2161,Ssangyong,Korando 4wd.
2162,Ssangyong,Kyron
2163,Ssangyong,Rexton
2164,Ssangyong,Rodius
2165,Ssangyong,Tivoli
2166,Stavostroj,Vp2400
2167,Still,Forkllift
2168,Still,Rx20-20
2169,Subaru,Brz
2170,Subaru,Forester
2171,Subaru,Impreaza Turbo
2172,Subaru,Impreza
2173,Subaru,Legacy
2174,Subaru,Outback
2175,Subaru,Tribeca
2176,Subaru,Wrx
2177,Subaru,Wrx Sti
2178,Subaru,Xv
2179,Sumitomo,Crane
2180,Sumitomo,Excavator
2181,Sunwin,Bus
2182,Suzuki,Alto
2183,Suzuki,Apv
2184,Suzuki,Apv Glxat
2185,Suzuki,Baleno
2186,Suzuki,Balino
2187,Suzuki,Carry Wagon
2188,Suzuki,Celerio
2189,Suzuki,Ciaz
2190,Suzuki,Ertiga
2191,Suzuki,Grand Vitara
2192,Suzuki,Gsx 150d
2193,Suzuki,Gsx R1000l0
2194,Suzuki,Gsx R600
2195,Suzuki,Gsx1300
2196,Suzuki,Gsx-R750 Lo
2197,Suzuki,Ignis
2198,Suzuki,Jimny
2199,Suzuki,Kizashi
2200,Suzuki,Liana
2201,Suzuki,Motor Cycle
2202,Suzuki,Samurai
2203,Suzuki,Swift
2204,Suzuki,Swift Dzire
2205,Suzuki,Sx4
2206,Suzuki,Unknown
2207,Suzuki,Vitara
2208,Suzuki,Vzr 1800
2209,Suzuki,Xl7
2210,T C M,Fork Lift
2211,T V R,Tvr 420 Se
2212,Tadano,Crane
2213,Tadano,Crane 500 Ex
2214,Tadano,Mobile Crane
2215,Tadano,Roller
2216,Tadano,Tr250
2217,Tadano,Truck
2218,Tadano,Truck Crane Tl250-M
2219,Tadano,Truck/Crane Tl300-E
2220,Tanker,Fire Fighting Water Tanker
2221,Tanker,Tanker
2222,Tata,163
2223,Tata,613
2224,Tata,Bus
2225,Tata,Daewoo K6e6f
2226,Tata,Daewoo Tractor
2227,Tata,Daewoo Truck
2228,Tata,Lp 613
2229,Tata,Lp 613/38
2230,Tata,Lpo
2231,Tata,Pick-Up
2232,Tata,Prima 4438
2233,Tata,S.Cabin P/Up
2234,Tata,Tata 608 P/Up
2235,Tata,Tatra Truck
2236,Tata,Telecoline P/Up
2237,Tata,Trailer
2238,Tata,Truck
2239,Tata,Water Tanker
2240,Tata,Xenon
2241,Tata,Xenon31
2242,Tayanma,Pick-Up
2243,Tcm,Fork Lift
2244,Tennant,Road Sweeper
2245,Terex,Crane
2246,Terex,Ct 1800 S
2247,Terex,Loader
2248,Terex,Truck
2249,Terra,Jumbo
2250,Tesla,Model S
2251,Tesla,Model X
2252,Tgb,Bk96
2253,Tgb,Motor Cycle
2254,Thimco,High Bed
2255,Thomas,Loader
2256,Thwaites,Dumper
2257,Titan,Asphalt
2258,Titan,Sl Finisher
2259,Tlord,Shovel
2260,Toyota,86
2261,Toyota,4 Runner
2262,Toyota,62 8fd30
2263,Toyota,86 Coupe
2264,Toyota,Alphard
2265,Toyota,Aurion
2266,Toyota,Avalon
2267,Toyota,Avanza
2268,Toyota,Camry
2269,Toyota,Celica
2270,Toyota,Century
2271,Toyota,Coaster
2272,Toyota,Corolla
2273,Toyota,Corona
2274,Toyota,Cressida
2275,Toyota,Crown
2276,Toyota,Dyna
2277,Toyota,Echo
2278,Toyota,Fj Cruiser
2279,Toyota,Fork Lift
2280,Toyota,Fortuner
2281,Toyota,Freezer
2282,Toyota,Hiace
2283,Toyota,Highlander
2284,Toyota,Hilux
2285,Toyota,Hilux P/Up
2286,Toyota,Innova
2287,Toyota,Iq
2288,Toyota,Land Cruiser
2289,Toyota,Land Cruiser 70
2290,Toyota,Land Cruiser P/Up
2291,Toyota,Land Cruiser Prado
2292,Toyota,Prado
2293,Toyota,Previa
2294,Toyota,Prius
2295,Toyota,Rav 4
2296,Toyota,Rav4
2297,Toyota,Rush
2298,Toyota,Sequoia
2299,Toyota,Sienna
2300,Toyota,Solara
2301,Toyota,Surf
2302,Toyota,Tacoma
2303,Toyota,Tercel
2304,Toyota,Tundra
2305,Toyota,Unknown
2306,Toyota,Van
2307,Toyota,Venza
2308,Toyota,Xa
2309,Toyota,Yaris
2310,Toyota,Zelas
2311,Track,Pipelayer
2312,Trailer,20 Ft
2313,Trailer,40 Ft
2314,Trailer,Ast 453
2315,Trailer,Bulk Box
2316,Trailer,Flat Bed
2317,Trailer,Lowbed
2318,Trailer,Oil Tanker
2319,Trailer,Tanker
2320,Trailer,Tipper Box
2321,Trailer,Trailer
2322,Trans,Bus
2323,Trans,Mark 1
2324,Trans Mark,Bus
2325,Triumph,Daytona 675
2326,Triumph,Scram
2327,Triumph,Thruxton
2328,Triumph,Tr3
2329,Triumph Herald,Herald
2330,Tvs,Apache
2331,Un,Fork Lift
2332,Unknown,Unknown
2333,Valmar,Shkp50
2334,Vermeer Track,Trencher T955iii
2335,Veryca,Freezer Pick Up
2336,Veryca,Panel Van
2337,Vespa,Gts 300
2338,Vespa,Gts Super
2339,Vietz Arcotrac 1800,Paywelder
2340,Vogele,Road Paver
2341,Volkswagen,Amarok
2342,Volkswagen,Baywindow
2343,Volkswagen,Beetle
2344,Volkswagen,Beettle
2345,Volkswagen,Bora
2346,Volkswagen,Caddy
2347,Volkswagen,Caddy Kombi
2348,Volkswagen,Caravelle
2349,Volkswagen,Cc
2350,Volkswagen,Combi
2351,Volkswagen,Crafter
2352,Volkswagen,Eos
2353,Volkswagen,Eos Conv
2354,Volkswagen,Golf
2355,Volkswagen,Golf Gti
2356,Volkswagen,Golf Plus
2357,Volkswagen,Golf R
2358,Volkswagen,Golf R32
2359,Volkswagen,Jetta
2360,Volkswagen,Lt 46 Van
2361,Volkswagen,M.P.V
2362,Volkswagen,Multi Van (S/W)
2363,Volkswagen,Multivan
2364,Volkswagen,Passat
2365,Volkswagen,Passat Cc
2366,Volkswagen,Phaeton
2367,Volkswagen,Polo
2368,Volkswagen,Routan
2369,Volkswagen,Scirocco
2370,Volkswagen,Space Fox
2371,Volkswagen,T 4
2372,Volkswagen,T6 Transporter
2373,Volkswagen,Tiguan
2374,Volkswagen,Touareg
2375,Volkswagen,Touran
2376,Volkswagen,Transporter
2377,Volkswagen,Unknown
2378,Volkswagen,Vento
2379,Voltas,Fork Lift
2380,Volvo,850
2381,Volvo,B7r
2382,Volvo,Backhoe
2383,Volvo,Bl 61
2384,Volvo,Bus
2385,Volvo,C 30
2386,Volvo,C30
2387,Volvo,C70
2388,Volvo,Crane
2389,Volvo,Excavator
2390,Volvo,F 16
2391,Volvo,F L 6
2392,Volvo,F10
2393,Volvo,F12
2394,Volvo,Fh 10
2395,Volvo,Fh 400
2396,Volvo,Fh 420
2397,Volvo,Fh 460
2398,Volvo,Fh12
2399,Volvo,Fh440
2400,Volvo,Fh440(6x4)
2401,Volvo,Fl 10
2402,Volvo,Fm 10
2403,Volvo,Fm400
2404,Volvo,Grader
2405,Volvo,L 120 E
2406,Volvo,L 150 Wheel Loader
2407,Volvo,Loader
2408,Volvo,N 10 Tipper Truck
2409,Volvo,Nl 12
2410,Volvo,S 40
2411,Volvo,S 60
2412,Volvo,S 80
2413,Volvo,S 90
2414,Volvo,S40
2415,Volvo,S80
2416,Volvo,Sd100 Cd
2417,Volvo,Shovel
2418,Volvo,Tanker
2419,Volvo,Tipper Truck
2420,Volvo,Tractor Unit
2421,Volvo,Trailer
2422,Volvo,Truck
2423,Volvo,Truck With Crane
2424,Volvo,Truck With Fuel Tanker
2425,Volvo,Unknown
2426,Volvo,V 70
2427,Volvo,V40
2428,Volvo,V60
2429,Volvo,V70
2430,Volvo,V90
2431,Volvo,Water Tanker
2432,Volvo,Xc 60
2433,Volvo,Xc 70
2434,Volvo,Xc40
2435,Volvo,Xc70
2436,Volvo,Xc90
2437,Wacker,Dumper
2438,Western Star,3742 Ss
2439,Western Star,Western Star
2440,Wirtgen,Milling Machine
2441,Wuzhou Long,Fdg6810c
2442,Xcmg,Crane
2443,Xcmg,Excavator
2444,Xcmg,Loader
2445,Xiamen,Bus
2446,Xilin,Fork Lift
2447,Yale,Forklift
2448,Yamaha,100
2449,Yamaha,Fz-16
2450,Yamaha,Fz1-S
2451,Yamaha,Motor Cycle
2452,Yamaha,Mt-07
2453,Yamaha,Sr 250
2454,Yamaha,Sz150
2455,Yamaha,Sz16r
2456,Yamaha,Yzf-R1
2457,Yamaha,Yzf-R6
2458,Youngman,Bus
2459,Yuan Shan,Fork Lift
2460,Yutong,Bus
2461,Zero,Sr
2462,Zero Type 9,Motor Cycle
2463,Zhengzhou Nissan,Rich
2464,Zhengzhou Nissan,Yumsun
2465,Zhengzhou Nissan,Zna 2.4 Sc
2466,Zoomilon,Crane
2467,Zx210h-3,Excavator
